id,course,name,intro,introformat,grade,globalid,timeopen,timeclose,timelimit,memlimit,nproc,timediscount,discount,allowlate,attempts,keeplatestonly,inputfile,outputfile,presetcode,generator,validator,generatortype,validatortype,validatorlang,showmode,timemodified,completionac
23216,1717,5. 简单的 printf 和 scanf,"<p>??? printf函数和scanf函数是C语言中最常用的函数之一，下面让我们练习一下吧。</p>
<p><strong>输入：<br /></strong>??? 整型变量x的值。</p>
<p><strong>输出：<br /></strong>??? 输出整型变量x对应的十进制、八进制和十六进制形式。</p>
<p><span style=""color: #0000ff;"" color=""#0000ff"">认真看看 -1 的八进制和十六进制输出，请想想是为什么。</span></p>",1,5,,1568613600,1573055700,1,0,0,1570377300,8,0,0,1,,,,,,0,0,,1,1572346841,0
23217,1717,2. 【入门】Welcome to Beijing.,"<p>让我们来练习如何显示多行文字。</p>
<p><strong>输入：</strong>无</p>
<p><strong>输出：</strong>就是下面的那段文字。</p>",1,5,,1568613600,1573055700,1,0,0,1570377300,8,0,0,1,,,,,,0,0,,1,1572346739,0
23218,1717,1. 【入门】Hello world.,"<p style=""margin-right: 0px;"" dir=""ltr"">让我们用C语言向世界问好。</p>
<p>最早的程序基本是这个样子的：</p>
<p style=""font-family: courier new,courier,monospace;"" face=""courier new,courier,monospace""><span style=""font-family: courier new,courier,monospace;"" face=""courier new,courier,monospace"">#include <span style=""color: #8b0000;"" color=""#8b0000"">&lt;</span><span style=""color: #ff0000;"" color=""#ff0000"">stdio.h</span></span><span style=""font-family: courier new,courier,monospace;"" face=""courier new,courier,monospace""><span style=""color: #8b0000;"" color=""#8b0000"">&gt;<br /></span>int <span style=""color: #0000ff;"" color=""#0000ff"">main</span></span><span style=""font-family: courier new,courier,monospace; color: #808000;"" face=""courier new,courier,monospace"" color=""#808000"">()<br /></span><span style=""font-family: courier new,courier,monospace;"" face=""courier new,courier,monospace""><span style=""color: #808000;"" color=""#808000"">{<br /></span><span style=""color: #0000ff;"" color=""#0000ff"">??? printf</span><span style=""color: #808000;"" color=""#808000"">(</span><span style=""color: #8b0000;"" color=""#8b0000"">""</span><span style=""color: #ff0000;"" color=""#ff0000"">Hello world.</span><span style=""color: #000080;"" color=""#000080"">\</span><span style=""color: #ff0000;"" color=""#ff0000"">n</span><span style=""color: #8b0000;"" color=""#8b0000"">""</span><span style=""color: #808000;"" color=""#808000"">)</span></span><span style=""font-family: courier new,courier,monospace;"" face=""courier new,courier,monospace""><span style=""color: #808080;"" color=""#808080"">;<br /></span><span style=""color: #808080;"" color=""#808080"">??? </span><span style=""color: #008000;"" color=""#008000"">return </span><span style=""color: #808080;"" color=""#808080""></span><span style=""color: #800000;"" color=""#800000"">0</span></span><span style=""font-family: courier new,courier,monospace;"" face=""courier new,courier,monospace""><span style=""color: #808080;"" color=""#808080"">;<br /></span><span style=""color: #808000;"" color=""#808000"">}</span></span></p>
<p>请模仿上面的程序，看看是否可以通过编译？如果你能通过这个简单的程序，那就让我们继续完成后面的习题吧。</p>
<p><strong>输入：</strong>无</p>
<p><strong>输出：</strong>Hello world.</p>",1,5,,1568613600,1573055700,1,0,0,1570377300,8,0,0,0,,,,,,0,0,,1,1572346723,1
23219,1717,3. 【入门】求A+B,"<p>我们已经学了如何使用 scanf 函数中输入整型数据（%d），下面让我们使用 scanf 函数来输入两个整数，然后求它们的和。</p>
<p><strong>输入：<br /></strong>??? 整数1? 整数2</p>
<p><strong>输出：<br /></strong>??? 整数1+整数2=和</p>",1,5,,1568613600,1573055700,1,0,0,1570377300,8,0,0,0,,,,,,0,0,,1,1572346804,1
23220,1717,4. 【入门】求整数的 3次方,"<p>输入一个整数 x，输出 x 的3次方。想一想，在C语言中如何用公式来表达 x 的 3次方？</p>
<p><strong>输入：</strong>一个整数。</p>
<p><strong>输出：</strong>该整数的 3 次方值。</p>",1,5,,1568613600,1573055700,1,0,0,1570377300,8,0,0,0,,,,,,0,0,,1,1572346782,1
23221,1717,6. 【入门】整数比大小,"<p>小明上了小学一年级，老师开始教他认识两个数哪个大，哪个小。计算机要学会这个可以使用 if 语句，也可以使用三目运算 ? 。</p>
<p><strong>输入：</strong>两个整型数</p>
<p><strong>输出：</strong>两个整型值中的最小值</p>",1,5,,1569218400,1573401300,1,0,0,1570722900,8,0,0,0,,,,,,0,0,,1,1572346874,0
23222,1717,7. 【入门】输出字符的 ASCII 码,"<p><b>背景：</b><b></b></p>
<p>我们在计算机基础中已经学过：字母在计算机中采用ASCII码进行存储。下面要从键盘上输入任意一个字符，然后输出该字符对应的ASCII码。</p>
<p><b>输入：</b><b></b></p>
<p>??? 一个字符</p>
<p><b>输出：</b><b></b></p>
<p>??? 该字符对应的ASCII码</p>
<p><b>说明：</b><b></b></p>
<p>如果编程有问题，请先看看教材P51的例题3-4，然后再办法发挥一下……</p>",1,5,,1569222000,1573401300,1,0,0,1570722900,8,0,0,0,,,,,,0,0,,1,1572346890,1
23223,1717,8. 【中学】计算圆柱的侧面积及体积,"<p>该如何处理 double 型的数据：如何定义变量类型？如何使用 scanf 函数？</p>
<p>如果已知圆柱的底面半径 r ，以及高 h ，则可计算出圆柱的侧面积 s=2 π r h ，体积 v=π r <sup>2 </sup>h 。其中 π=3.1415926。</p>
<p><strong>输入： </strong><br />第一行输入圆柱的底面半径 r<br />第二行输入圆柱的高 h</p>
<p><strong>输出： </strong><br />s=&lt; 圆柱的侧面积 &gt;,v=&lt; 圆柱的体积 &gt;</p>
<p><strong>要求 </strong><br />1. 所有变量都定义为双精度类型<br />2. 结果精确到小数点后两位</p>",1,5,,1569218400,1573401300,1,0,0,1570722900,8,0,0,1,,,,,,0,0,,1,1572346905,0
23224,1717,9. 【小学】一年级的算术题,"<h4>背景：<br />??????小明上小学一年级了，老师已经教会了他们整数的 +、-、*、/、% 计算，下面老师开始出题，请小明给出计算结果。</h4>
<p><strong>输入：<br /></strong>??? 两个整数，每个整数之间使用空格分隔。例如输入格式为：123? 444</p>
<p><strong>输出：<br /></strong>??? 分别输出按照整型数据进行 +、-、*、/、* 之后的运行结果。</p>",1,5,,1569222000,1573401300,1,0,0,1570722900,8,0,0,1,,,,,,0,0,,1,1572346926,1
23225,1717,10. 【中学】判断三角形的形状,"<h2 style=""text-align: left;""><span style=""color: inherit; font-family: inherit;"">要求：</span></h2>
<p>输入三角型的三条边，判断三角形的形状。假设输入的三边边长均&gt;0。</p>
<p>（提示：本题中应该要用到 if 语句嵌套）</p>
<h2 style=""text-align: left;"">输入：</h2>
<p>三角型的3条边的长度（int型）。</p>
<h2 style=""text-align: left;"">输出：</h2>
<p>等边三角形：equilateral triangle.<br />等腰三角形：isoceles triangle.<br />不构成三角形：non-triangle.<br />一般三角形：triangle.</p>",1,5,,1569218400,1573401300,1,0,0,1570722900,8,0,0,1,,,,,,0,0,,1,1572346948,1
23226,1717,20.分数的四则运算,"<p>在小学时我们就学习了分数的四则运算，即对两个分数进行加、减、乘、除等运算，现在我们尝试下用C语言来实现。</p>
<p><strong>输入：</strong></p>
<p><strong>??? </strong>分数1 操作符 分数2</p>
<p><strong>输出：</strong></p>
<p><strong>??? </strong>计算结果</p>
<p><strong>要求：</strong></p>
<p>计算结果使用分数表示，并且为最简化。例如结果为2/6，则被简化为1/3</p>",0,10,,1570492800,1574870100,1,0,0,1572191700,8,0,0,1,,,,,,0,0,,1,1572347200,0
23227,1717,11. 【中学】计算时钟的夹角,"<p><strong>背景： </strong></p>
<p>钟面上的时针和分针之间的夹角总是在 0 ～180之间 ( 包括 0 <a title=""TeX"" href=""http://ss.bit.edu.cn/moodle/filter/tex/displaytex.php?0%5E%5Ccirc"" target=""popup""></a>和180 <a title=""TeX"" href=""http://ss.bit.edu.cn/moodle/filter/tex/displaytex.php?180%5E%5Ccirc"" target=""popup""></a>) 。举例来说，在十二点的时候两针之间的夹角为 0 <a title=""TeX"" href=""http://ss.bit.edu.cn/moodle/filter/tex/displaytex.php?0%5E%5Ccirc"" target=""popup""></a>，而在六点的时候夹角为180 <a title=""TeX"" href=""http://ss.bit.edu.cn/moodle/filter/tex/displaytex.php?180%5E%5Ccirc"" target=""popup""></a>，在三点的时候为90 <a title=""TeX"" href=""http://ss.bit.edu.cn/moodle/filter/tex/displaytex.php?90%5E%5Ccirc"" target=""popup""></a>。本题要解决的是计算 12:00 到 11:59 之间任意一个时间的夹角。</p>
<p><strong>输入： </strong></p>
<p>每组测试数据包含两个数字：第一个数字代表小时 ( 大于 0 小于等于 12) ，第二个数字代表分 ( 在区间 [0, 59] 上 ) 。</p>
<p><strong>输出： </strong></p>
<p>对应每组测试数据，用常用格式显示时间以及这个时候时针和分针间的最小夹角，精确到小数点后一位。输出格式如下所示。</p>
<p>再看一看，想一想：是否可以不用if 语句，只使用 printf 函数来简化你的程序？</p>",1,5,,1569542400,1573660500,1,0,0,1570982100,8,0,0,1,,,,,,0,0,,1,1572347007,1
23228,1717,13.【中学】求解一元二次方程,"<p>初中的小明已经开始学习求解一元二次方程了，下面让我们来教计算机如何求解。输入 a,b,c ，求一元二次方程 ax?+bx+c=0 的根。</p>
<p><strong>输入：</strong><br />假设 a，b，c均int。</p>
<p><strong>输出：</strong><br />要求输出的根为 double 型，保留 6 位小数。</p>
<p><strong>说明：</strong>如果不会作，请参考教材P108的例5-17</p>",1,5,,1569542400,1573660500,1,0,0,1570982100,8,0,0,1,,,,,,0,0,,1,1572347038,1
23229,1717,12. 【入门】大小写字母转换,"<p>我们知道，英文字母是分大小写的，下面我们需要编写一个简单的程序，将输入的全部小写字母变换为大写字母，大写字母变换为小写字母，非写字母保持不变。</p>
<p><b>输入：</b><b></b></p>
<p>??? 一个字符</p>
<p><b>输出：</b><b></b></p>
<p>??? 变换后的字符</p>",1,5,,1569542400,1573660500,1,0,0,1570982100,8,0,0,0,,,,,,0,0,,1,1572347023,1
23230,1717,16.【日期】根据日期求星期,"<p>任意给出一个年月日，求出是星期几。</p>
<p><strong>输入：</strong></p>
<p><strong>??? </strong>年 月 日</p>
<p><strong>输出：</strong></p>
<p><strong>??? </strong>0～6。<br />??? 星期日用 0 表示，星期一用 1 表示，星期二用 2 表示......星期六用 6 表示。</p>
<p>假设年份大于1900。先想一想：我们现在只会使用 if 语句，该如何建立<span style=""color: #ff0000;"">数学模型</span>？找到数学模型是解决本题的关键。</p>
<p>看了部分先完成同学提交的程序，有人居然使用数组了，这个太不应该，因为我们根本就没有讲数组，让我怀疑使用数组的程序是抄的。</p>",1,5,,1570492800,1574870100,1,0,0,1572191700,8,0,0,1,,,,,,0,0,,1,1572347101,1
23635,1717,14. 计算学分绩,"<p>按分数统计学分，将分数分为五个分数段，</p>
<p>分别是：[90,100]、[80,90)、[70,80)、[60,70)、[0,60)五个区间(不遵循四舍五入的规则)，对应的学分系数分别是：</p>
<p>1.4,? ? ? ?1.2,? ? ? ?1.1? , 1? 和0</p>
<p>输入一个学生某门课的成绩M和这门课的学分K，输出他的学分绩F。</p>",1,5,,1569593100,1573659000,1,0,0,1570980600,8,0,0,0,,,,,,0,0,,1,1579538170,0
23636,1717,15. 计算生日还有几天,"<p>假设你有个女朋友（纯假设，有也不算），她每年都要你陪她过生日，还要你倒计时，盼星星盼月亮地等着她过生日。</p>
<p>今年（2019年），她得知你学了C语言，便要你时刻记住她的生日，像高考一样，采用倒计时算法。</p>
<p>要求：</p>
<p>输入：两个日期(月和日用“：”分开)，第一个日期是你女朋友的日期，第二个日期是今天的日期。<br />输出：还有几天到她的生日。如果是负数，就说明她的生日已经过了，那你就等着被修理吧！</p>
<p></p>
<p>例如：</p>
<p>输入：2:1? ? ? 2:2</p>
<p>输出：1</p>",1,5,,1569593700,1573659000,1,0,0,1570980600,8,0,0,0,,,,,,0,0,,1,1579541253,0
23706,1717,武分支1--输出某年某月的天数,"<p>关于“闰年虫”的新闻<br /> 2012 年 2 月 29 日零时，广州约 1500 辆出租车突然“打不了表”，是因计价器被“闰年虫”咬了一口。众的哥无法营运后，扎堆前往检测站维修，又因维修人手严重不足而大排长龙。受此影响，早高峰重现“打车难”。</p>
<p>造成闰年虫（bug）的原因在于计算机设计之初，没有很多的规划闰年的处理方式。</p>
<p><strong>题目：</strong></p>
<p>求任意一年的某个月的天数。</p>
<p><strong>输入：</strong></p>
<p>year 年份和月份 month</p>
<p><strong>输出：</strong></p>
<p>相应天数</p>
<p></p>",1,10,,1570499400,1571151600,1,0,0,1570510800,8,1,0,0,,,,,,0,0,,1,1570435687,0
23707,1717,武分支2--求银行存款利息,"<p>已知某年银行整存整取存款月息利率分别为：<br />一年期：3.50%<br />二年期：4.40%<br />三年期：5.00% <br />五年期：5.50%<br />其它：0</p>
<p>要求：输入存钱的本金和期限，求到期时利息与本金合计。</p>
<p>银行到期利息计算公式：利息＝本金×月息利率×存款年限</p>
<p>输入：金额money、存款年限year</p>",1,10,,1570499400,1571151600,1,0,0,1570546800,8,0,0,0,,,,,,0,0,,1,1570444874,0
23708,1717,武分支3--信号报告,"<p>无线电台的 RS 制信号报告是由两个部分组成的：</p>
<p>R(Readability) 信号可辨度即清晰度.</p>
<p>S(Strength) 信号强度即大小.</p>
<p>其中 R 位于报告第一位，共分5级，用1--5数字表示.</p>
<ol>
<li>Unreadable</li>
<li>Barely readable, occasional words distinguishable</li>
<li>Readable with considerable difficulty</li>
<li>Readable with practically no difficulty</li>
<li>Perfectly readable</li>
</ol>
<p>报告第二位是 S，共分九个级别，用1--9中的一位数字表示</p>
<ol>
<li>Faint signals, barely perceptible</li>
<li>Very weak signals</li>
<li>Weak signals</li>
<li>Fair signals</li>
<li>Fairly good signals</li>
<li>Good signals</li>
<li>Moderately strong signals</li>
<li>Strong signals</li>
<li>Extremely strong signals</li>
</ol>
<p>现在，你的程序要读入一个信号报告的数字，然后输出对应的含义。如读到59，则输出：</p>
<p>Extremely strong signals, perfectly readable.</p>
<p>输入格式：""%d""<br /> 一个整数，信号报告。<br />整数的十位部分表示可辨度，个位部分表示强度。输入的整数范围是[11,59]中的个位不为0的数字，这个范围外的数字不可能出现在测试数据中。</p>
<p>输出格式：<br /> 一句话，表示这个信号报告的意义。<br />按照题目中的文字，先输出表示强度的文字，跟上逗号和空格，然后是表示可辨度的文字，跟上句号。注意可辨度的句子的第一个字母是小写的。注意这里的标点符号都是英文的。</p>
<p>输入样例：33</p>
<p>输出样例：Weak signals, readable with considerable difficulty.</p>",1,10,,1570499400,1571151600,1,0,0,1570546800,8,1,0,0,,,,,,0,0,,1,1570439072,0
23709,1717,仲上机实验练习3.深秋歌会打分表,"<p>北理工马上就要举行深秋歌会了，经过若干次筛选之后，学校会评出最佳年度歌手。<br />每次评审的时候，有10个评委，他们依次给出自己的打分，最高分为10分，最低分为0分。</p>
<p>评审规则是：去掉一个最高分，去掉一个最低分，以剩余评委打分的平均值作为输出成绩；</p>
<p>例如：</p>
<p>输入：10，9.9，9.8，9.7，9.6，9.5，9.4，9.3，9.2，9.1</p>
<p>输出：9.55（保留两位小数）</p>
<p></p>
<p>这道题，不许使用数组，如果你非要使用数组，说明你的思路不够优化！浪费了资源！</p>",1,10,,1571277000,1575173400,1,0,0,1575173400,10,0,0,0,,,,,,0,0,,1,1573307876,1
23710,1717,仲上机实验练习2.质数的n次方,"<p>判断一个数，是否是一个质数的n次方。n不会超过8</p>
<p>输出Yes或者No</p>",1,10,,1571277000,1575173400,1,0,0,1575173400,8,0,0,0,,,,,,0,0,,1,1573307854,1
23711,1717,裴明涛-期中测验1,"<p>输入一个N位数，N大于等于2且小于8.</p>
<p>考察每一组两位数，判断每一组两位数都是质数的，请输出Yes，否则输出No。</p>
<p>例如：</p>
<p>537，中，有53，37两组两位数，都是质数，所以输出Yes</p>
<p>4236，有42，23，36三组两位数，且不都是质数，因此输出No</p>
<p></p>",1,30,,1573782600,1573791600,1,0,0,1573791600,8,0,0,0,,,,,,0,0,,1,1579545340,1
23712,1717,仲测验3-3,"<p>当初设计ASCII表的时候，有一个想法是把每一个字母对应一个数字，后来考虑到一些符号也要加入，就演变成了今天的ASCII表。</p>
<p>现在我们假定你是最初的计算机专家，你设计了一个字母数字对照表，如下：</p>
<table style=""width: 546px;"" cellspacing=""0"" cellpadding=""0"" border=""0""><colgroup><col width=""21"" span=""26"" /> </colgroup>
<tbody>
<tr height=""19"">
<td class=""xl64"" width=""21"" height=""19"">A</td>
<td class=""xl64"" width=""21"">B</td>
<td class=""xl64"" width=""21"">C</td>
<td class=""xl64"" width=""21"">D</td>
<td class=""xl64"" width=""21"">E</td>
<td class=""xl64"" width=""21"">F</td>
<td class=""xl64"" width=""21"">G</td>
<td class=""xl64"" width=""21"">H</td>
<td class=""xl64"" width=""21"">I</td>
<td class=""xl64"" width=""21"">J</td>
<td class=""xl64"" width=""21"">K</td>
<td class=""xl64"" width=""21"">L</td>
<td class=""xl64"" width=""21"">M</td>
<td class=""xl64"" width=""21"">N</td>
<td class=""xl64"" width=""21"">O</td>
<td class=""xl64"" width=""21"">P</td>
<td class=""xl64"" width=""21"">Q</td>
<td class=""xl64"" width=""21"">R</td>
<td class=""xl64"" width=""21"">S</td>
<td class=""xl64"" width=""21"">T</td>
<td class=""xl64"" width=""21"">U</td>
<td class=""xl64"" width=""21"">V</td>
<td class=""xl64"" width=""21"">W</td>
<td class=""xl64"" width=""21"">X</td>
<td class=""xl64"" width=""21"">Y</td>
<td class=""xl64"" width=""21"">Z</td>
</tr>
<tr height=""19"">
<td class=""xl64"" height=""19"">2</td>
<td class=""xl64"">19</td>
<td class=""xl64"">11</td>
<td class=""xl64"">21</td>
<td class=""xl64"">12</td>
<td class=""xl64"">3</td>
<td class=""xl64"">20</td>
<td class=""xl64"">9</td>
<td class=""xl64"">13</td>
<td class=""xl64"">1</td>
<td class=""xl64"">18</td>
<td class=""xl64"">10</td>
<td class=""xl64"">22</td>
<td class=""xl64"">6</td>
<td class=""xl64"">23</td>
<td class=""xl64"">14</td>
<td class=""xl64"">7</td>
<td class=""xl64"">24</td>
<td class=""xl64"">15</td>
<td class=""xl64"">8</td>
<td class=""xl64"">16</td>
<td class=""xl64"">26</td>
<td class=""xl64"">25</td>
<td class=""xl64"">4</td>
<td class=""xl64"">17</td>
<td class=""xl64"">5</td>
</tr>
</tbody>
</table>
<p></p>
<p>那么，对于给定的字符串（小于等于100），是可以置换成数字的。假定你还没有对小写字母和其他字符设计对应的数字，那就保持原来的符号吧。</p>",1,30,,1574061000,1574068800,1,0,0,1574068800,8,0,0,0,,,,,,0,0,,1,1574060654,1
23713,1717,仲期中测验3-3,"<p>总有些字符串中，存在一些重复出现的字符，请将每一个字符串中重复出现的最后一个字符替换成相应的重复数。</p>
<p>例如，在aaa字符串中，a重复了3次，那么就将最后一个a替换为3，即aa3</p>
<p>只出现1次的，当然就不用处理了，因为没有出现重复次数嘛</p>
<p>我们这里的字符串，在变换后长度也不会超过100的</p>
<p></p>
<p></p>",1,40,,1573696200,1573706400,1,0,0,1573705200,8,0,0,0,,,,,,0,0,,1,1573705785,1
23714,1717,仲期中测验3-2,"<p>有些字符串是可以转成数字的，例如“123”，有些则不能，例如“aa27”</p>
<p>如果能直接转换，我们当然就非常容易地做到了，但我们这次的任务是抽取字符串中的数字，将他们乘3之后，再写回到原来的位置。</p>
<p>例如：a39c，经过抽取，乘3之后，再写回去，就变成了a117c。</p>
<p>当然，字符串中可能不止一个这样的数字。字符串总的长度（变化之后）不会超过100的。</p>
<p></p>
<p></p>
<p></p>",1,30,,1573696200,1573705200,1,0,0,1573705200,8,0,0,0,,,,,,0,0,,1,1573686099,1
23715,1717,仲期中测试1-7,"<p>在一个给定的字符串中，存在若干个子串，即对于一个长度为的字串有n（n+1）/2个非空子串， 例如“abc”的子串包括：""a"",""b"",""c"",""ab"",""bc"",""abc"",</p>
<p>在这些子串中，存在一些按照升序排列的子串，求出他们的个数。</p>
<p>单个字符构成的字符串可以理解为升序排列的。</p>
<p>例如：输入“abc”，则输出6</p>
<p></p>
<p></p>",1,0,,1543369800,1543378800,1,0,0,1543378800,8,0,0,0,,,,,,0,0,,1,1543378104,1
23716,1717,仲期中测试1-8,"<p>有一连串的字符串，它们有若干个子串，其中有一些子串是由一些单词组成的。</p>
<p>比如：""printf""子串中存在""int""，这就和我们C语言中的关键字重叠了,有时候，这样的子串，还不止一个。</p>
<p>给定一组字符串，给定一个关键字，请你计算出这些字符串所有的子串中与这个关键字发生重叠的次数。</p>
<p></p>
<p></p>",1,40,,1573694400,1573705200,1,0,0,1573705200,8,0,0,0,,,,,,0,0,,1,1573685951,1
23730,1717,14. 【小学生】大小写字母转换,"<p>我们知道，英文字母是分大小写的，下面我们需要编写一个简单的程序，将输入的全部小写字母变换为大写字母，大写字母变换为小写字母，非写字母保持不变。</p>
<p><b>输入：</b><b></b></p>
<p>??? 一个字符</p>
<p><b>输出：</b><b></b></p>
<p>??? 变换后的字符</p>",1,5,,1539129600,1540050900,1,0,0,1540050900,8,0,0,0,,,,,,0,0,,1,1539136208,1
23738,1717,19.【小学生】找出最大素数,"<p>小明在中学学习了什么是素数。素数是指一个只能被1和它本身整除的数，在数论中占有重要的研究地位，在当代密码学中也被广泛应用。</p>
<p><strong>输入：</strong></p>
<p>??? 取值范围</p>
<p><strong>输出：</strong></p>
<p>??? 该范围内的最大素数</p>",1,5,,1570492800,1574870100,1,0,0,1572191700,8,0,0,1,,,,,,0,0,,1,1572347179,1
23739,1717,21【入门】输出你的第一个图形,"<h3>背景：</h3>
<p>我们已经学习了 printf 函数的基本使用方法，这里给出了一个小程序，它运行的结果是输出一个由星号（*）组成的4*4的正方形。</p>
<p>程序如下：</p>
<p><img alt=""输出第一个图形"" src=""@@PLUGINFILE@@/printf.JPG"" height=""187"" width=""370"" /></p>
<h4>要求：</h4>
<p>按照上面的程序范例，编写一个小程序，要求输出的是 4 行由*号组成的正方形。</p>
<h4>输入：</h4>
<p>无。</p>
<h4>输出：</h4>
<p>指定图形。</p>",1,5,,1570492800,1574870100,1,0,0,1572191700,8,0,0,1,,,,,,0,0,,1,1572347218,1
23740,1717,17.【小学五年级】再算星期,"<p>再次给出任意一个年月日（年&gt;1900），现在我们不能只是直接计算，要先判断给出的日期是否合法，对于非法的日期要给出错误提示信息，合法的日期要再计算是星期几。</p>
<p><strong>输入：</strong></p>
<p><strong>??? </strong>年 月 日</p>
<p><strong>输出：</strong></p>
<p><strong>??? </strong>0～6。<br />??? 星期日用 0 表示，星期一用 1 表示，星期二用 2 表示......星期六用 6 表示。</p>
<p>假设年份大于1900。先想一想：我们现在只会使用 if 语句，该如何建立数学模型？</p>",1,5,,1570492800,1574870100,1,0,0,1572191700,8,0,0,1,,,,,,0,0,,1,1572347116,1
23741,1717,18.【小学五年级】确定母亲节,"<p>母亲节是每年的五月第二个星期天，针对输入的年份，计算该年的哪一天是母亲节。</p>
<p><b>输入：</b><b></b></p>
<p>??? 年份</p>
<p><b>输出：</b><b></b></p>
<p>??? 日期（5月的哪一天）</p>",1,5,,1570492800,1574870100,1,0,0,1572191700,8,0,0,1,,,,,,0,0,,1,1572347135,1
23742,1717,22.【小学四年级】贪吃的猴子,"<p>有一只猴子，第一天摘了若干个桃子?，当即吃了一半，但还觉得不过瘾?，就又多吃了一个。第2天早上又将剩下的桃子吃掉一半，还是觉得不过瘾，就又多吃了两个。以后每天早上都吃了前一天剩下的一半加天数个（例如，第5天吃了前一天剩下的一半加5个）。到第n天早上再想吃的时候，就只剩下一个桃子了。</p>
<p><strong>输入：</strong></p>
<p>??? 天数n</p>
<p><strong>输出：</strong></p>
<p>??? 第一天的桃子个数</p>
<p>提述：要先建立递推公式。</p>",1,5,,1570838400,1572796500,1,0,0,1572796500,8,0,0,0,,,,,,0,0,,1,1570889108,1
23743,1717,23.【中学】寻找特殊偶数,"<h2>背景</h2>
<p>有一种特殊偶数，它每一位上的数字都两两不相同。我们现在需要找出四位数中某一区间内的这类偶数。</p>
<h2>输入</h2>
<p>所要寻找的四位偶数的范围。每组输入有两个数字：第一个数字是最小范围；第二个数字是最大范围。如果输入遇到0，输入结束。</p>
<h2>输出</h2>
<p>列出此范围内的所有特殊偶数，并且列出此范围内特殊偶数的个数。</p>",1,5,,1570838400,1572796500,1,0,0,1572796500,8,0,0,0,,,,,,0,0,,1,1570889151,1
23744,1717,24.【中学】寻找阿姆斯特朗数,"<p>请编写一个程序寻找一种特殊整数：一个 n 位的正整数等于其各位数字的<strong>n次方之和</strong>。</p>
<p>例如：407=4×<span style=""color: #0000ff;"" color=""#0000ff"">4×</span>4+0×<span style=""color: #0000ff;"" color=""#0000ff"">0×</span>0+7×<span style=""color: #0000ff;"" color=""#0000ff"">7×</span>7。所以407就是一个特殊数。</p>
<h2>输入：</h2>
<p>??? 正整数的位数n（n&lt;=6）。</p>
<h2>输出：</h2>
<p>?? 所有此n位特殊数。每个数占一行。若不存在符合条件的特殊数，则输出提示：""<span style=""color: red;"">No output.</span>”；若存在，则从小到大进行输出。</p>
<h2>说明：</h2>
<p>假设输入为4，在4位整数中，有3个4位的特殊数，则输出格式为（输出中的1111、2222和9999并不是4位特殊数，只是格式样例）：</p>
<pre><code>1111<br />2222<br />9999</code></pre>",1,5,,1570838400,1572796500,1,0,0,1572796500,8,0,0,0,,,,,,0,0,,1,1570889235,1
23745,1717,25.【图形】数字正方型,"<p>这是双重循环的入门题目，大家来看看，你会做吗？</p>
<p>输入 n 的值，输出如下例（ n=4 ）所示的由数字组成的正方型。<br />? 1? 2? 3? 4<br />? 5? 6? 7? 8<br />? 9 10 11 12<br />?13 14 15 16</p>
<p><strong>输入： </strong><br />??? n</p>
<p><strong>输出：</strong><br />?? 数字组成的正方型</p>",1,5,,1570838400,1572796500,1,0,0,1572796500,8,0,0,0,,,,,,0,0,,1,1570889288,1
23746,1717,30.【中学】求最后3位数值,"<p>小明在中学会求一个数的 n 次方了，但计算机还不会，请你来编写一个程序吧。由于计算机比较“笨”，所以我们编写程序的功能不用太强，只要能算出 a 的 n 次方的最后 3 位数就可以了。</p>
<p><strong>输入：</strong></p>
<p>??? a 和 n 的值。假设 a&lt;=150 。</p>
<p><strong>输出：</strong></p>
<p>??? 求 a 的 n 次方的最后 3 位数。</p>
<p>提示：再想一想，你的方法对吗？你用的是什么数据类型？</p>",1,5,,1539734400,1541865300,1,0,0,1541865300,8,0,0,0,,,,,,0,0,,1,1539749194,1
23747,1717,30.【中学】求最后3位数值,"<p>小明在中学会求一个数的 n 次方了，但计算机还不会，请你来编写一个程序吧。由于计算机比较“笨”，所以我们编写程序的功能不用太强，只要能算出 a 的 n 次方的最后 3 位数就可以了。</p>
<p><strong>输入：</strong></p>
<p>??? a 和 n 的值。假设 a&lt;=150 。</p>
<p><strong>输出：</strong></p>
<p>??? 求 a 的 n 次方的最后 3 位数。</p>
<p>提示：再想一想，你的方法对吗？你用的是什么数据类型？</p>",1,5,,1539734400,1541865300,1,0,0,1541865300,8,0,0,0,,,,,,0,0,,1,1539749194,1
23748,1717,26.【图形】数字菱形,"<p>这是非信息类2013年出的题目，大家来看看，你会做吗？</p>
<p>输入 n 的值，输出如下例（ n=4 ）所示的数字菱形。<br />　 4 <br />　434 <br />?43234 <br />4321234 <br />?43234 <br />　434 <br />　 4 <br /><strong>输入： </strong><br />??? n</p>
<p><strong>输出：</strong><br />? ?数字菱形</p>
<p><strong>友情提示：</strong>同学们总结一下打印星号组成的实心图形程序的编程思路：第一步，打印星号组成的正方形；第二步，改变每行星号的个数，打印每行星号数量不一样的图形；如果是空心图形，每行第一个和最后一个位置输出星号，其他位置输出空格。</p>
<p>现在我们练习输出变化的字符，在打印星号图形的基础上，原来输出*号的位置，将printf(""*"");改为printf(""%2d"",x);当然，原来输出一个*号的地方只占一个字符的位置，现在都要改为2个字符的位置，如果输出的是数字且多于2个，则要是%3d或%4d了。</p>
<p>x是多少呢？则要寻找其规律，就是该输出位置与所在行列的关系。</p>
<p><span style=""color: #000000;"" color=""#000000"">注意给出的测试用例，输出的数字是左对齐啊。</span>不用数组就可以完成。</p>",1,5,,1570838400,1572796500,1,0,0,1572796500,8,0,0,0,,,,,,0,0,,1,1570889337,1
23749,1717,27.【图形】空心的倒三角型,"<div>
<p>??? 请根据要求打印可空心倒三角形。</p>
<h2>输入：</h2>
<p>??? 输入三角形的高度（h <span style=""color: #cc0000;"" color=""#cc0000"">&gt;0</span>）。</p>
<h2>输出：</h2>
<p>??? 打印相应的空心倒三角形。图样参见测试用例。</p>
</div>",1,5,,1570838400,1572796500,1,0,0,1572796500,8,0,0,1,,,,,,0,0,,1,1570889398,1
23750,1717,32. 【字符】组成最大数,"<p>任意输入一个自然数，输出该自然数的各位数字组成的最大数。例如，输入 1593 ，则输出为 9531 。</p>
<p>这道题可以尝试着用数组。</p>
<p>输入：自然数 n</p>
<p>输出：各位数字组成的最大数</p>",1,5,,1571443200,1573401300,1,0,0,1573401300,8,0,0,0,,,,,,0,0,,1,1571474308,1
23751,1717,31.【日期】计算后续日期,"<p>我们经常要计算，从今天往后N天之后是哪一天（哪年哪月哪日）。现在我们就可以编写一个程序，推算指定日期之后的第N天是什么日期。</p>
<p>输入：<br />? 年 月 日<br />? N</p>
<p>输出：<br />（年月日+N天后的）年.月.日</p>",1,5,,1571443200,1573401300,1,0,0,1573401300,8,0,0,0,,,,,,0,0,,1,1571474278,1
23752,1717,30.【中学】零钱换整钱,"<p>??? 小明手中有硬币，小红手中有若干张10元的纸币。已知 1 角硬币厚 1.8mm，5 角硬币厚 1.5mm，1 元硬币厚 2.0mm 。小红拿出若干张10元的纸币，小明要将 1 角的硬币放成一摞，将 5 角的硬币放成一摞，将 1 元的硬币放成一摞，如果 3 摞硬币一样高，且三摞硬币的金额之和正好等于小红要求的面值，则双方交换，否则没有办法交换。</p>
<p><strong>输入</strong>：?<br />??? 小红希望交换几张10元的纸币</p>
<p><strong>输出</strong>： <br />??? 1 角的数量,5 角的数量,1元的数量</p>",1,5,,1571443200,1573401300,1,0,0,1573401300,8,0,0,0,,,,,,0,0,,1,1571474411,1
23753,1717,28.【图形】空心数字梯形*,"<div id=""description"">
<p>输入行数 n 和首数字字符，在屏幕上输出由数字围起的高和下底宽度均 n 的空心梯形。 要求：输出的数字是循环的，即输出数字 9 后再输出的数字是 0。</p>
<p><strong>输入：<br /></strong>? 行数n 和首字符</p>
<p><strong>输出：<br /></strong>??? 空心梯形</p>
</div>",1,5,,1571464800,1573401300,1,0,0,1573401300,8,0,0,0,,,,,,0,0,,1,1571474201,1
23754,1717,29. 晕,"<p>看着这样的""回”形图案你晕吗？来做出它。</p>
<p><strong>输入：<br /></strong>??? n。正方形的边长</p>
<p><strong>输出：<br /></strong>??? 边长为 n 的数字回形方阵。</p>",1,5,,1571464800,1573401300,1,0,0,1573401300,8,0,0,0,,,,,,0,0,,1,1571474223,1
23755,1717,38. 【中学】科学记数法,"<p>对于非常大或者非常小的数据，我们通常用科学记数法来表示。例如在科技文献和电脑中经常遇到的 2.3×10<sup>6</sup> （计算机中的科学记数法表示为：2.3E6），或者 9.18×10<sup>-5 </sup>（科学记树法表示：9.18E-5）这种类型的数据。</p>
<p><strong>输入：</strong><br />??? 用科学记数法表示的数据。即为符合C语言表示的科学记数法表示。</p>
<p><strong>输出：</strong><br />??? 该数据的双精度表示</p>
<p><strong>说明：</strong><br />??? 输入数据的精度不高于小数点后50位。<br />??? 输入数据时，在<strong>实数</strong>和<strong>幂</strong>之间有<strong>空格</strong>进行分隔，空格个数不定。<br />??? 结果保留到小数点后8位，如不足8位用0补足，超过8位则截断，不进行四舍五入的处理。</p>",1,5,,1542153600,1543679700,1,0,0,1543679700,8,0,0,1,,,,,,0,0,,1,1542160722,1
23756,1717,39. 【中学】整数问题,"<div id=""description"">
<p>请输出满足以下条件的 n 位正整数的个数：</p>
<p>要求该n位整数的从高位开始前 1 位可以被 1 整除，前 2 位可以被 2*2 整除，前 3 位可以被 3*3 整除，前 4 位可以被 4*4 整除......。即该整数前 k 位都可被 k 平方整除。</p>
<p>例如：n=1，则符合条件的1位正整数为1～9，输出答案 9。n=2，符合条件的正整数为：12, 16, 20, 24, 28, 32, 36, 40, 44, 48， 52, 56, 60, 64, 68, 72, 76, 80, 84, 88, 92, 96，则输出答案22。当n=4时，2432就是一个符合题意的整数。第一位 2 可以被1整除；前2位24可以被4整除；前3位243可以被9整除；整个4位2432可以被16整除。</p>
<p><strong>输入：<br /></strong>　　n(0&lt;=n&lt;9)</p>
<p><strong>输出：<br /></strong>??? 符合该条件的n位正整数的数量</p>
<p>（本题目为软件学院2007年保研学生初试上机试题。<span style=""color: #ff0000;"" color=""#ff0000"">本题可以不用数组</span>）</p>
</div>",1,5,,1542171600,1543679700,1,0,0,1543679700,8,0,0,0,,,,,,0,0,,1,1542160826,1
23757,1717,33：数制转换,"<p>我们通常使用的都是十进制的数字，但其实在生活中也经常会使用其它进制。</p>
<p>这个题目会给你两个不同的数字，它们不属于同一进制，要求你计算出当它们分别处于何种进制之中时，两个数字相等。譬如 12 和 5 ，在十进制下它们是不等的，但若 12 使用 3 进制而 5 使用六进制或十进制时，它们的值就是相等的。因此只要选择合适的进制， 12 和 5 就可以是相等的。</p>
<p>程序的输入是两个数字 M 和 N( 其十进制的值不超过 1000000000) ，它们的进制在 2~36 之间。对于十以下的数字，用 0~9 表示，而十以上的数字，则使用大写的 A~Z 表示。</p>
<p>求出分别在 2~36 哪种进制下 M 和 N 相等。若相等则输出相应的进制，若不等则输出错误信息。当然了，对于多种可能成立的情况，找出符合要求的进制最小的一组就行了。信息的格式见测试用例。</p>",1,5,,1571443200,1573401300,1,0,0,1573401300,8,0,0,1,,,,,,0,0,,1,1571474329,0
23758,1717,（1小时）限时题1：找出平方数,"<p>从本次作业开始，我们发布一些限时题，如果你从第一次看见它，到做完这道题，保持在1小时内，说明你的编程能力有了一定提高，是可以继续开始后阶段的学习的，否则，说明你很吃力，建议你打好基础，再继续前行，否则，你会越来越吃力.....</p>
<p></p>
<p>输入两个非负整数m，n（n&gt;=m）</p>
<p>输出[m..n]区间的所有平方数之和。</p>
<p>例如：</p>
<p>输入：</p>
<p>4,9</p>
<p>输出：</p>
<p>13</p>
<p></p>
<p></p>",1,50,,1522887000,1526918100,1,0,0,1524326100,8,1,0,0,,,,,,0,0,,1,1522940738,0
23759,1717,34.【数列】求最小 m 值,"<p>求满足下列不等式的最小 m。</p>
<p>??? 1 + 2 + 3 + 4 + ...... + m ≥ n</p>
<p>例如：n=100，当 m =14 时，满足：1+2+3+4+...+13=91&lt;100，而 1<br />+2+3+4+......+14=105&gt;100。</p>
<p><strong>输入：</strong>n</p>
<p><strong>输出：</strong>m</p>",1,5,,1572739200,1574610900,1,0,0,1574610900,8,0,0,0,,,,,,0,0,,1,1573222329,1
23760,1717,38：计算通用产品代码(UPC)的校验位,"<div id=""description"">
<h2>背景</h2>
<p>许多年来，货物生产商都会把超市售卖的每件商品上放置一个条码。这种被称为通用产品代码（Universal Product Code，缩写UPC）的条码可以识别生产商和产品。超市可以通过扫描产品上的条码来确定支付此项商品的费用。每一个条码由十二位数字构成，通常这些数字会显示在条码下面。例如，包装为26盎司的Morton牌碘化盐所用条码下的数字是：</p>
<p>0 24600 01003 0</p>
<p>第一个数字表示商品的种类（0表示大部分的食品杂货，2表示需要称量的货品，3表示药品或和健康相关的商品，而5表示优惠券）。接下来的一组五位数字用来识别生产商。而第二组五位数字则用来区分产品类型（其中包括包装尺寸）。最后一位数字是“校验位”，它可以帮助鉴别先前数字中的错误。如果条码扫描出现错误，那么前十一位数字和最后一位数字可能会不一致，而超市扫描机也会拒绝整个条码。</p>
<p>下面是一种计算校验位的方法：首先把第一位、第三位、第五位、第七位、第九位和第十一位数字相加。然后把第二位、第四位、第六位、第八位和第十位数字相加。接着把第一次加法结果乘以3后再加上第二次加法的结果。随后，再把上述结果减去1。减法后的结果除以10取余数。最后，用9减去上一步骤中得到的余数。现在以Morton碘盐为例，第一组数字的加法是0+4+0+0+0+3=7，而第二组数字的加法是2+6+0+1+0=9。把第一组加法值乘以3后再加上第二组加法值得到的结果是30。再减去1，结果变为29。再把这个值除以10取余数为9。9在减去余数结果9，最终值为0。</p>
<h2>输入</h2>
<p>每次输入三行数据，第一行是UPC的第一位数字，第二行是UPC的第一组五位数字，第三行是UPC的第二组五位数字。</p>
<h2>输出</h2>
<p>UPC的校验位</p>
<h3>提示</h3>
<p>本题有隐藏测试用例。如果想多找不同的实例验证你的算法，可以拿身边书或食品背后的条码测试一下。</p>
</div>",1,5,,1572760800,1574610900,1,0,0,1574610900,8,0,0,0,,,,,,0,0,,1,1573222436,0
23761,1717,42：五年级小学生的题目,"<p>???那两个小朋友在不断进步，他们已经学会了负数和多位数，于是他们又开始进行游戏了。小明给出一堆整数和运算要求（+、-、*、/、%），小丽要找出这些整数中的最大值和最小值，然后按照小明的要求算出最大数与最小数进行算术运算的结果。</p>
<p><strong>输入：</strong><br />??? 用逗号分隔的整数序列，及其运算符和等号</p>
<p><strong>输出：</strong> <br />??? 最大数 op 最小数=结果</p>
<p><strong>说明：</strong>本题目应该可以不使用数组就可以完成，关键是如何处理负数和减法。</p>",1,5,,1523858400,1525622100,1,0,0,1525622100,8,0,0,0,,,,,,0,0,,1,1523850851,0
23763,1717,35：高精度加减法,"<div id=""description"">
<h2>背景：</h2>
<p>计算机所能完成的一个基本功能就是完成数据的计算，譬如加法、减法等等。但是在任何一种计算机上，计算中能够使用的数字都是有一定范围的，超过了范围，就没法得到精确的结果。</p>
<p>你现在接受了一个任务，要编写一个高精度计算器的核心部分。所谓高精度计算器，就是可以计算很大很大的数据的计算器。</p>
<h2>输入：</h2>
<p>输入的第一行是一个正整数，表示下面有几组数据需要计算。之后的每一行是两个十进制的正整数和一个运算符，每个整数可以由最多 500 个数字组成。运算符可以是加号或者减号。</p>
<h2>输出：</h2>
<p>对应着输入的每一行数据，输出计算的结果，每个结果占一行。</p>
</div>",1,10,,1572847200,1574610900,1,0,0,1574610900,8,0,0,1,,,,,,0,0,,1,1573222350,0
23764,1717,王允-去掉字符串中的元音字符,"<p>输入一个正整数n（n&gt;0），表示接下来要有n行字符串。</p>
<p>接下来，有n个字符串输入（每个字符串占一行）</p>
<p>要求去掉每一个字符串中的元音字符：a，e，i，o，u，组成新的字符串输出出来。</p>
<p>若原字符串中没有上述字符，则输出原字符串。</p>
<p></p>
<p>例如：</p>
<p>输入：</p>
<p>2</p>
<p>my? book</p>
<p>you are boy！</p>
<p>输出：</p>
<p>my bk</p>
<p>y r by！</p>
<p></p>
<p>例如：</p>
<p>输入</p>
<p>1</p>
<p>Love</p>
<p>输出</p>
<p>Lv</p>
<p>（所以你看，想表达爱意，就给她买个Lv包吧！）</p>",1,50,,1572073800,1574761500,1,0,0,1573379100,8,1,0,0,,,,,,0,0,,1,1572346678,0
23765,1717,45：输出平方数的个数,"<p>输入两个非负整数m，n（n&gt;=m）</p>
<p>输出[m,n]区间里的平方数的个数</p>
<p>例如：</p>
<p>输入</p>
<p>4,9</p>
<p>输出</p>
<p>2</p>
<p></p>",1,10,,1574503200,1576425300,1,0,0,1576425300,8,1,0,0,,,,,,0,0,,1,1574444403,0
23766,1717,仲测试3-2--文件批量改名,"<p>输入两个非负整数m,n（位数不确定，n&gt;=m）</p>
<p>给定一个字符串构成的文件名，对文件名进行批量改名。（扩展名须保持不变，且扩展名不仅限于MP3，扩充的位数以n的值为参照）</p>
<p>例如：</p>
<p>输入：</p>
<p>99,103</p>
<p>music.MP3</p>
<p>输出</p>
<p>music099.MP3</p>
<p>music100.MP3</p>
<p>music101.MP3</p>
<p>music102.MP3</p>
<p>music103.MP3</p>
<p></p>",1,50,,1574061000,1574068800,1,0,0,1574068800,8,1,0,0,,,,,,0,0,,1,1574060571,0
23767,1717,39.【字符】删除重复字符,"<h3>背景：</h3>
<p>输入一个长度不超过 100 的字符串，删除串中的重复字符。</p>
<p><span style=""font-size: large;"" size=""4""><strong>输入：</strong></span></p>
<p>输入要检查的字符串，长度不超过100个字符。例如：abacaeedabcdcd。</p>
<p><strong><span style=""font-size: large;"" size=""4"">输出：</span></strong></p>
<p>删除重复字符后的字符串。例如：abced。</p>",1,5,,1573179300,1575215700,1,0,0,1575215700,8,0,0,1,,,,,,0,0,,1,1573221131,1
23768,1717,40. 【字符】串的减法,"<p>输入字符串s和t（串长不超过80个字符），将在字符串s中出现，但未在字符串t中出现的字符组成一个新的字符串放在u中，u中字符按原字符串中字符顺序排列，不去掉重复字符，输出u。</p>
<p>例如：当s=""112345""，t=""2467""时，u=""1135""。</p>
<p><strong>输入：<br /></strong>　　第一行为串s<br />　　第二行为串t</p>
<p><strong>输出：</strong><br />????? 串u</p>",1,5,,1573179300,1575215700,1,0,0,1575215700,8,0,0,1,,,,,,0,0,,1,1573221195,1
23769,1717,41.【字符】合并字符串,"<p>输入两个已经按从小到大顺序排列好的字符串，编写一个合并两个字符串的函数，使合并后的字符串，仍然是从小到 大排列。</p>
<p><span style=""font-size: large;"" size=""4""><strong>输入：</strong></span><br />??????????? 两个已经排好顺序（升序）的两个字符串</p>
<p><span style=""font-size: large;"" size=""4""><strong>输出：</strong></span><br />????????? ? 一个合并在一起的有序（升序）的字符串</p>
<p><span style=""font-size: large;"" size=""4""><strong>要求：<br /></strong></span>??????????? 设计一个效率尽量高的算法，对每个字符串只扫描一遍就可以了。<br />?????????? ?如果采用先进行串连接，然后再进行排序的算法，则效率太低了。</p>",1,5,,1573179300,1575214200,1,0,0,1575214200,8,0,0,1,,,,,,0,0,,1,1575187034,1
23770,1717,43. 【日期】黑色星期五（数组）,"<p>在西方，星期五和数字13都代表着坏运气，两个不幸的个体最后结合成超级不幸的一天。所以，不管哪个月的十三日又恰逢星期五就叫""黑色星期五”。（建议你把之前的程序改为函数，这样，这道题就容易很多了）</p>
<p><strong>输入：</strong></p>
<p><strong>??? </strong>年份</p>
<p><strong>输出：</strong></p>
<p><strong>??? </strong>判断该年是否包含黑色星期五，如包含，给出具体日期</p>",1,5,,1573171200,1575215700,1,0,0,1575215700,8,0,0,1,,,,,,0,0,,1,1573221359,1
23771,1717,42：猜数字,"<p>有如下一组数字，其中每个数字都在 1 ~ 63 之间，</p>
<p>?1? 3 ?5 ?7 ?9 11 13 15 17 19 21 23 25 27 29 31 33 35 37 39 41 43 45 47 49 51 53 55 57 59 61 63<br />?2? 3 ?6 ?7 10 11 14 15 18 19 22 23 26 27 30 31 34 35 38 39 42 43 46 47 50 51 54 55 58 59 62 63<br />?4? 5 ?6 ?7 12 13 14 15 20 21 22 23 28 29 30 31 36 37 38 39 44 45 46 47 52 53 54 55 60 61 62 63<br />?8? 9 10 11 12 13 14 15 24 25 26 27 28 29 30 31 40 41 42 43 44 45 46 47 56 57 58 59 60 61 62 63<br />16 17 18 19 20 21 22 23 24 25 26 27 28 29 30 31 48 49 50 51 52 53 54 55 56 57 58 59 60 61 62 63<br />32 33 34 35 36 37 38 39 40 41 42 43 44 45 46 47 48 49 50 51 52 53 54 55 56 57 58 59 60 61 62 63</p>
<p>现在需要编写一个程序，当从键盘输入某数字在且仅在哪几行出现了，该程序可以“猜”出这个数字是几。</p>
<h3>输入：</h3>
<p>??? 程序的输入是一串以空白符分开的数字，当输入 0 时表示输入结束。</p>
<h3>输出：</h3>
<p>??? 输出猜到的数字。</p>",1,5,,1573171200,1575215700,1,0,0,1575215700,8,0,0,1,,,,,,0,0,,1,1573221318,0
23772,1717,44. 【大学】北理工的恶龙,"<p><strong>背景：<br /></strong>最近，北理工出现了一只恶龙，它长着很多 头，而且还会吐火，它将会把北理工烧成废墟， 于是，校长下令召集全校所有勇士杀死这只恶龙。要杀死这只龙，必须把它所有的头都砍掉，每个勇士只能砍一个龙头，龙的每个头大小都不一样，一个勇士只有在身高<strong>不小于</strong>龙头的直径的情况下才能砍下它。而且勇士们要求，砍下一个龙头必须得到和自己身高厘米数一样的学分。校长想花 最少的学分数 杀死恶龙，于是找到你寻求帮助。</p>
<p><strong>输入：<br /></strong>第一行 龙头数 n , 勇士人数 m （ 1&lt;=n, m&lt;=100 ） 接下来 n 行，每行包含一个整数，表示龙头的直径 接下来 m 行，每行包含一个整数，表示勇士的身高 l</p>
<p><strong>?输出：<br /></strong>?如果勇士们能完成任务，输出校长需要花的最小费用；否则输 出 “bit is doomed! ”</p>",1,5,,1573171200,1575215700,1,0,0,1575215700,8,0,0,1,,,,,,0,0,,1,1573221391,1
23773,1717,46：子数整除,"<p>对于一个五位数a1a2a3a4a5，可将其拆分为三个子数：</p>
<ul>
<li>sub1=a1a2a3</li>
<li>sub2=a2a3a4</li>
<li>sub3=a3a4a5</li>
</ul>
<p>例如，五位数20207可以拆分成：</p>
<ul>
<li>sub1=202</li>
<li>sub2=020（=20）</li>
<li>sub3=207</li>
</ul>
<p>现在给定一个正整数K，要求你编程求出10000到30000之间所有满足下述条件的五位数，条件是这些五位数的三个子数sub1、sub2、sub3都可被K整除。（重复性的代码建议写成函数）</p>
<p>输出时请按照由小到大的顺序排列（每行输出一个数）。</p>",1,5,,1574467200,1576425300,1,0,0,1576425300,8,0,0,1,,,,,,0,0,,1,1574444383,0
23774,1717,47：扫雷,"<h2>背景</h2>
<p>你玩儿过扫雷游戏吧？有个操作系统中带了这个小游戏，那个系统叫什么来着？;-)在游戏中要想过关，就必须要在一个 NxM 的区域上找出所有的地雷。游戏过程中，计算机会在地图上显示一些数字从而帮助你确定哪里有地雷。例如，在下面这个有两颗地雷的 4x4 的地图（*表示地雷）：</p>
<pre>*...<br />....<br />.*..<br />.... </pre>
<p>根据上面的地图，可以计算出应该提供给游戏者的数字如下所示：</p>
<pre>*100<br />2210<br />1*10<br />1110 </pre>
<p>每个数字表示了该方格周围到底有几个地雷，当然，一个方格周围最多的时候只会有八个。（计算雷个数的程序可以写成一个函数）</p>
<h2>输入</h2>
<p>输入中将包括一系列的地图，每个地图的第一行有两个整数 n 和 m（0 &lt;n,m &lt;= 100），它们表示了地图的行数和列数。下面的 n 行每行都有 m 个字符，其中 ""."" 表示安全而 ""*"" 表示地雷。如果地图的 n 和 m 都为 0，则表示输入结束。</p>
<h2>输出</h2>
<p>针对每一个地图，首先输出一行：</p>
<pre>Field #x:</pre>
<p>其中 x 是当前地图的编号（从 1 开始）。下面的 n 行则将地图中的 ""."" 以数字表示，该数字表示该方格周围有多少颗地雷。</p>
<p></p>
<h2>来源</h2>
<p>http://acm.uva.es/problemset/v101/10189.html</p>",1,5,,1574467200,1576425300,1,0,0,1576425300,8,0,0,1,,,,,,0,0,,1,1574444440,0
23775,1717,52. 回文字符串——递归,"<p>??? 有一种特殊形式的字符串，其正反序相同，被称为“回文字符串”。例如LeveL就是一个回文字符串。</p>
<p><strong>输入：</strong><br />????? ??? 字符串</p>
<p><strong>输出：</strong><br />????? ??? Yes或者No</p>
<p><strong>说明：</strong><br />????? ??? 如输出Yes，说明输入的字符串是一个回文字符串<br />????? ??? 输出No，说明输入的字符串不是一个回文字符串<br />????? ??? 请使用递归算法实现。</p>",1,5,,1572584400,1576425300,1,0,0,1576425300,8,0,0,1,,,,,,0,0,,1,1575212672,0
23776,1717,54.计算子字符串个数,"<p>字符串匹配问题：输入一个字符串，计算其中包含的连续给定的子字符串的个数。</p>
<p>例如输入字符串"" EFABCABCABCDABCDD ” , 给定子字符串"" ABC” ，输出是 3 。</p>
<p>函数原型： int countsub( char *str, char *subs ) 。</p>
<p>参数说明： str 保存输入的字符串的首地址， subs 保存需要统计的子字符串的首地址。</p>
<p>返回值：包含的连续子字符串的个数。</p>",1,5,,1542949200,1544802900,1,0,0,1544802900,8,0,0,0,,,,,,0,0,,1,1542161471,1
23777,1717,50. 【小学递归】杀鸡用牛刀——要用递归啊！,"<p><span style=""font-size: large;"" size=""4""><strong>背景：<br /></strong></span>??? 哈哈！我们终于学了递归了，现在大家一定感到非常有意思吧，那个典型的""汉诺塔”问题，一个非常短的程序居然可以完成如此复杂的工作，真是神奇啊！来吧，让我们也动手编写一个递归程序，当然，我们要编写的不可能太复杂。</p>
<p><span style=""font-size: large;"" size=""4""><strong>功能：</strong></span><br />??? 求整数 n 到 m 区间的累加和，其中n&lt;=m。</p>
<p><span style=""font-size: large;"" size=""4""><strong>输入：</strong></span><br />??? 区间的起始点n? ?区间的终止点m</p>
<p><strong><span style=""font-size: large;"" size=""4"">输出：</span></strong><br />??? 累加和</p>
<p><span style=""font-size: large;"" size=""4""><strong>要求：</strong></span><br />??? 使用递归算法完成。如此简单的题目当然要有隐含的测试用例啦，就3个，看看谁能猜出来。</p>",1,5,,1575176400,1576425300,1,0,0,1576425300,8,0,0,1,,,,,,0,0,,1,1575212597,1
23778,1717,55.【大学递归】求解平方根,"<p>小明上来大学，学习了用求解平方根的迭代公式。</p>
<p></p>
<p>其中：p 为 x 的近似平方根<img src=""@@PLUGINFILE@@/sqrt.JPG"" width=""580"" height=""140"" />，e 是结果允许的误差。</p>
<p><strong>输入：x, e</strong></p>
<p><strong>输出：p? </strong>保留小数点后 8 位。</p>",1,5,,1575176400,1576425300,1,0,0,1576425300,8,0,0,0,,,,,,0,0,,1,1575359096,1
23779,1717,51. 【中学】求最大公约数——递归,"<p>请使用递归算法计算正整数n和m的最大公约数GCD(n,m)。</p>
<p>　　 ???????? = m??????????? ?当 m&lt;=n 且 n mod m =0<br />GCD(N,M) = GCD(m,n)? ?当n&lt;m时<br />????????????????? = GCD(m, n mod m)??? ?其他</p>
<p><strong>输入：<br />??????? </strong>n和m</p>
<p><strong>输出：</strong><br />??????? n和m的最大公约数</p>",1,5,,1575176400,1576425300,1,0,0,1576425300,8,0,0,1,,,,,,0,0,,1,1575212633,1
23780,1717,54. 【数列递归】求序列之和——递归,"<p>请使用递归算法求下列序列的前n项之和。<br />??????????? 1 + 1/2 - 1/3 + 1/4?-1/5 ......</p>
<p><strong>输入：</strong><br />??????? n</p>
<p><strong>输出：<br /></strong>??????? 序列的前n项和（精确到小数点之后第6位）</p>",1,5,,1575176400,1576425300,1,0,0,1576425300,8,0,0,0,,,,,,0,0,,1,1575212748,1
23781,1717,48. 【字符】压缩文本文件,"<p><strong>背景：</strong></p>
<p>??? 压缩是一种有效的减小数据量的方法，目前已经被广泛应用于各种类型的信息系统之中。</p>
<p>??? 一种压缩文本文件（假设文件中不包含数字）的方法如下：</p>
<p>??? 1. 原始文本文件中的非字母的字符，直接拷贝到压缩文件中；</p>
<p>??? 2. 原始文件中的词（全部由字母组成），如果是第一次出现，则将该词加入到一个词的列表中，并拷贝到压缩文件中；否则该词不拷贝到压缩文件中，而是将该词在词的列表中的位置拷贝到压缩文件中。</p>
<p>??? 3. 词的列表的起始位置为 1 。 词的定义为文本中由大小写字母组成的最大序列。大写字母和小写字母认为是不同的字母，即 abc 和 Abc 是不同的词。词的例子如下： x-ray 包括两个词 x 和 ray；mary's 包括两个词 mary 和 s；a c-Dec 包括三个词 a 和 c 和 Dec 编写一个程序，输入为一组字符串，输出为压缩后的文本。</p>
<p><strong>输入：</strong></p>
<p>??? 输入为一段文本，可以假设输入中不会出现数字、每行的长度不会超过 80 个字符，并且输入文本的大小不会超过 10M。</p>
<p><strong>输出：</strong></p>
<p>压缩后的文本。</p>",1,5,,1574467200,1576425300,1,0,0,1576425300,8,0,0,0,,,,,,0,0,,1,1574444493,1
23782,1717,53：小蜜蜂,"<p>一只小蜜蜂在如下图所示的蜂窝上爬行。它爬行时，只能从一个格爬到相邻的大号格子中。例如，从 1 号格子可以爬到 2 号或者 3 号格子，从 2 号则可以爬到 3 号或者 4 号格子。</p>
<p>?<img src=""@@PLUGINFILE@@/bee.PNG"" width=""895"" height=""480"" /></p>
<p>??? 请问从一个格子 a 爬到一个格子 b 一共有多少种可行的路线。（这道题需要你将之前的某个程序写成函数）</p>
<h3>输入：</h3>
<p>????分别是起始点 a 和终止点 b 的编号。（ a 和 b 在 1~100 之间，且 a&lt;b 。）</p>
<h3>输出：</h3>
<p><span style=""font-size: large;"" size=""4"">??? 方案数量。</span></p>",1,5,,1575176400,1576425300,1,0,0,1576425300,8,0,0,1,,,,,,0,0,,1,1575212713,0
23783,1717,52. 铺地板,"<div>
<h3>背景：</h3>
<p>??? 你是一名室内装潢工程队的配料员。你的伙伴们喜欢采用“之”字型的方式铺大理石地砖，图案如下：</p>
<table style=""width: 100%;"" cellpadding=""1"" cellspacing=""1"" border=""1"">
<tbody>
<tr>
<td valign=""top"" width=""20%"">1</td>
<td valign=""top"" width=""20%"">2</td>
<td valign=""top"" width=""20%"">6</td>
<td valign=""top"" width=""20%"">7</td>
<td valign=""top"" width=""20%"">15</td>
</tr>
<tr>
<td valign=""top"" width=""20%"">3</td>
<td valign=""top"" width=""20%"">5</td>
<td valign=""top"" width=""20%"">8</td>
<td valign=""top"" width=""20%"">14</td>
<td valign=""top"" width=""20%"">16</td>
</tr>
<tr>
<td valign=""top"" width=""20%"">4</td>
<td valign=""top"" width=""20%"">9</td>
<td valign=""top"" width=""20%"">13</td>
<td valign=""top"" width=""20%"">17</td>
<td valign=""top"" width=""20%"">22</td>
</tr>
<tr>
<td valign=""top"" width=""20%"">10</td>
<td valign=""top"" width=""20%"">12</td>
<td valign=""top"" width=""20%"">18</td>
<td valign=""top"" width=""20%"">21</td>
<td valign=""top"" width=""20%"">23</td>
</tr>
<tr>
<td valign=""top"" width=""20%"">11</td>
<td valign=""top"" width=""20%"">19</td>
<td valign=""top"" width=""20%"">20</td>
<td valign=""top"" width=""20%"">24</td>
<td valign=""top"" width=""20%"">25</td>
</tr>
</tbody>
</table>
<p>学了 C 语言以后，你决定编写一个程序，帮助你的同伴生成这样的图形。</p>
<h3>输入：</h3>
<p>????方阵N的大小。</p>
<h3>输出</h3>
<p>??? 方阵。</p>
</div>",1,5,,1526533200,1528041300,1,0,0,1528041300,8,0,0,1,,,,,,0,0,,1,1526568729,1
23784,1717,59.采用指针对数组进行排序,"<p>要求你使用指针，对一个输入的字符串数组进行排序，输出排序结果。</p>
<p>为了防止你回避指针，我们已经将函数声明和主函数都写好了，这样，你就不得不用指针才能完成任务了</p>
<p></p>
<p>例子很简单，就不给了</p>
<p>看测例吧！</p>
<p></p>",1,5,,1528348200,1529769300,1,0,0,1529769300,8,0,0,0,,,,,,0,0,,1,1531162900,0
23785,1717,56.合并排序,"<p>要求，将两个已经排好顺序的字符串合并到一个字符串里</p>
<p>main函数和函数的定义已经写好了，你只能使用指针来完成了。</p>
<p></p>",1,5,,1576386000,1578238500,1,0,0,1578238500,8,0,0,0,,,,,,0,0,,1,1576577532,0
23786,1717,57.对一个整数数组排序,"<p>输入一个整数m，然后m个整数，构成一个数组</p>
<p>用一个指针数组分别指向这个数组的每一个元素</p>
<p>要求在不改变原始数组的顺序的情况下，对指针数组进行排序，将排序后的指针数组输出出来。</p>",1,5,,1576558800,1578239700,1,0,0,1578239700,8,0,0,0,,,,,,0,0,,1,1576577846,0
23787,1717,58.二维数组排序,"<p>输入一个3*4的二维数组</p>
<p>对二维数组里面的每一行进行排序；</p>
<p>输出排序后的二维数组</p>",1,5,,1576558800,1578239700,1,0,0,1578239700,8,0,0,0,,,,,,0,0,,1,1576577894,0
23788,1717,59. 三角形是一个永不过时的话题,"<p><strong>题目描述</strong><strong></strong></p>
<p>欢迎参加程序设计竞赛~</p>
<p>程序设计竞赛中有着很多有意思的问题，其中，与三角形有关的问题就经常出现。今天你要解决的，就是其中最简单的一个问题：</p>
<p>给定平面直角坐标系上的N个点，保证这N个点中任意三点都不共线。求任意三点能够构成的三角形中，面积最大的三角形的面积。</p>
<p><strong>输入</strong><strong></strong></p>
<p>输入的第一行是一个整数T（1 &lt;= T &lt;= 10），表示一共有T组用例。</p>
<p>每组用例的第一行为一个整数N（3 &lt;= n &lt;= 100），表示平面上点的个数。接下来的N行，每行包含两个用空格隔开的整数Xi和Yi（-1000 &lt;= Xi, Yi &lt;= 1000），表示第i个点的坐标（Xi, Yi）。</p>
<p><strong>输出</strong><strong></strong></p>
<p>每组用例输出一个数，表示最大的三角形的面积，结果保留一位小数。</p>
<p><strong>输入样例</strong><strong></strong></p>
<p>2</p>
<p>4</p>
<p>-1 1</p>
<p>1 1</p>
<p>1 -1</p>
<p>-1 -1</p>
<p>3</p>
<p>-1 -1</p>
<p>3 0</p>
<p>0 0</p>
<p><strong>输出样例</strong><strong></strong></p>
<p>2.0</p>
<p>1.5</p>",1,5,,1576562400,1578239700,1,0,0,1578239700,8,0,0,0,,,,,,0,0,,1,1576577934,0
23789,1717,60.特别不高兴的女朋友,"<div id=""yui_3_5_1_5_1365991338691_1655"" class=""box intro"">
<div id=""yui_3_5_1_5_1365991338691_1654"" class=""no-overflow"">
<div class=""grade"">小明上大学了，学习上不怎么努力，居然还找了女朋友（叫小红吧，父母希望他好好学习，所以很生气），为了两人浪漫，不得不经常要买些小礼物，小零食，开销很大，家里又不是大款（父母生气了，所以实行银根紧缩政策。这个，你懂的）。为了小红，小明只好利用业余时间打工，挣零花钱。</div>
<div id=""description"">
<p>小明除了上课之外，还要兼职打工。但是如果小明一天除了学习再算上打工的时间，一旦等于超过10个小时，他的女朋友就会因为他不能陪自己玩而不高兴，而且学习和工作的时间越长，就会越不高兴。</p>
<p>假设他的女朋友不会因为其它事不高兴，并且她的不高兴不会持续到第二天。（睡觉可以治疗爱生气的毛病吗？）</p>
<p>请你帮忙检查一下小明下周的日程安排，看看下周他的女朋友会不会不高兴；如果会的话，哪天最不高兴。</p>
<p><strong>【输入】</strong></p>
<p>输入包括 7 行数据，分别表示周一到周日的日程安排。每行包括两个非负整数，用空格隔开，分别表示小明在学校上课的时间和打工的的时间。</p>
<p><strong>【输出】</strong></p>
<p>? 输出只有一行，这一行只包含一个数字。</p>
<p>? 如果不会不高兴则输出0，如果会不高兴，则输出“最不高兴”的是周几（用1, 2, 3, 4, 5, 6, 7分别表示周一，周二，周三，周四，周五，周六，周日）。如果有两天或两天以上不高兴的程度相当，则输出时间最靠前的一天。</p>
<p>最后，说明下这个故事的结局，小明好不容易毕业后，由于学习不好，找不到合适的工作，虽然有一点点打工赚来的积蓄，可是除了满足两人浪漫的开销，剩下的只够交两个月的房租，所以毕业后一个月，小红还是决定跟他分手了！小明后悔不迭！</p>
</div>
</div>
</div>",1,5,,1576562400,1578239700,1,0,0,1578239700,8,0,0,0,,,,,,0,0,,1,1576577988,0
23790,1717,61.大家一起做游戏,"<p>幼儿园的小朋友们刚学习了如何数数，阿姨在下课时组织大家一起玩游戏。规则如下：所有的小朋友绕成一圈，顺序排号，从第一个小朋友开始报数，凡是报到固定数字（例如5）的，都退出该游戏，直到只剩下一位小朋友游戏才中止。</p>
<p>每个小朋友都希望自己能有更多的练习数数的机会，所以都希望成为最终被留下的那位。</p>
<p>现在，请大家帮小朋友们计算一下，在第一次排号的时候排到第几位才能成为最终被留下的小朋友。</p>
<p><strong>输入：</strong><br />??? ??? 小朋友的个数（&lt;=50）?? 要被练习的数字</p>
<p><strong>输出：</strong><br />??? ??? 最终被留下的小朋友的序号</p>
<p><strong>说明：</strong><br />???? ?? 如“要被练习的数字”是5，则每次数到5的同学要退出该游戏（可以考虑循环链表来做这道题）</p>",1,5,,1576562400,1578239700,1,0,0,1578239700,8,0,0,1,,,,,,0,0,,1,1576578055,1
23791,1717,62. 【大学】恭喜发财 利是窦来,"<p>??? 在中国，过春节时人们有给孩子压岁钱（粤语称为利是）的习俗。</p>
<p style=""margin-left: 40px;"">最早的压岁钱出现于汉代，又叫压胜钱，并不在市面上流通，而是铸成钱币形式的玩赏物，有避邪的功能。钱币正面一般铸有“万岁千秋”、“去殃除凶”等吉祥话和龙凤、龟蛇、双鱼等吉祥图案。</p>
<p style=""margin-left: 40px;"">据说嘉兴府有一户姓管的人家，夫妻老年得子，十分珍爱。在年三十晚上，为防止“祟”来侵扰一直逗孩子玩，小孩用红纸包了八枚铜钱，包了又拆，拆了又包，睡下以后，包着的八枚铜钱就放在枕边。半夜里，一阵阴风吹过，黑矮的小人正要用他的白手摸孩子的头，突然孩子枕边迸出一道金光，祟尖叫着逃跑了。</p>
<p style=""margin-left: 40px;"">于是这件事传扬开来，大家纷纷效仿，在大年夜用红纸包上钱给孩子，祟就不敢再来侵扰了。因而人们把这种钱叫“压祟钱”，“祟”与“岁”发音相同，日久天长，就被称为 “压岁钱”了。</p>
<p>现在有 N 个人，他们都有小孩，春节来了，他们要发压岁钱给朋友的小孩，而他们自己的小孩也会收到压岁钱。为了简单，他们在发压岁钱的时候，使用以下的计算方法，譬如某甲有 100 块，它要给另外三个人的小孩发压岁钱，则每个小孩会分到 100/3 = 33 块，剩余的 1 块就不发了。</p>
<p>给你这 N 个人的信息，以及他们把压岁钱发给了谁的小孩，请你计算他们每个人的小孩收到的压岁钱和他们发出去的压岁钱的差额是多少。</p>
<h3>输入</h3>
<table>
<tbody>
<tr>
<td width=""20%"">第 1 行:</td>
<td>一个整数 N（2 &lt;= N &lt;= 10)</td>
</tr>
<tr>
<td>第 2..N+1 行:</td>
<td>每行是一个人名，每个名字不超过 14 个字符</td>
</tr>
<tr>
<td valign=""top"">第 N+2..结束:</td>
<td>N 组按照以下规则组织的数据：<br />
<table>
<tbody>
<tr>
<td>组中的第一行为送出压岁钱的人名。</td>
</tr>
<tr>
<td>第二行包括两个数字，第一个是该人有多少钱（0~2000），第二个是它要把钱发给几个人的小孩，用 NG<sub>i</sub> 表示(0 ≤ NG<sub>i</sub> ≤ N-1).</td>
</tr>
<tr>
<td>如果 NG<sub>i</sub> 为非零，则下面的 NG<sub>i</sub> 行会列出接受压岁钱的人的名字。</td>
</tr>
</tbody>
</table>
</td>
</tr>
</tbody>
</table>
<p></p>
<h3>输入样例</h3>
<pre>5 <br />dave <br />laura <br />owen <br />vick <br />amr <br />dave <br />200 3<br />laura <br />owen <br />vick <br />owen <br />500 1<br />dave <br />amr <br />150 2<br />vick <br />owen <br />laura <br />0 2<br />amr <br />vick <br />vick <br />0 0 </pre>
<h3>输出格式</h3>
<p>输出为 N 行，每行上是一个人名与它收到和送出的压岁钱之差额，这两项之间有一个空格。这 N 行的顺序应该和输入中第 2~N+1 行的顺序相同。</p>
<h3>输出样例</h3>
<pre>dave 302 <br />laura 66 <br />owen -359 <br />vick 141 <br />amr -150 </pre>",1,5,,1576908000,1578239700,1,0,0,1578239700,8,0,0,1,,,,,,0,0,,1,1576909790,1
23792,1717,63.【大学】撞球+,"<p>一天，丁俊晖编一整天的程序，突然觉得累了，于是便决定在房间内四处走走。他的房间是矩形的，他从电脑开始随便选了一个角度开始行走。由于职业习 惯，丁俊晖走路始终是直线，而且碰到墙以后会反弹，入射角度与出射角度完全相同。丁俊晖会一直行走，直到灵感再次迸发。假设他的行走速度是匀速的，现在， 丁俊晖的母亲想知道他一共休息了多长时间以便提醒他继续工作。</p>
<p>丁俊晖想考考他的母亲，于是他记录了自己碰到墙壁的序列并且告诉了她，你有没有办法能够帮助她计算出小丁所走的路程？</p>
<h2><b>输入</b></h2>
<p>输入包括多个测试用例，每个测试用例如下： <br />第一行包含两个数字 w, l(0&lt;w, l&lt;=1000)，分别代表房间的宽度和长度； <br />第二行包括两个数字 x0, y0，代表电脑的位置坐标 (x0, y0)； <br />第三行包含两个数字 x1, y1，代表丁俊晖的位置坐标 (x1, y1)； <br />最后一行是一个包含'F', 'B', 'L', 'R'四种字符的字符串，分别代表墙在前面、后面、左边或是右边，字符串的长度小于等于 1000； <br />我们约定，左上角的坐标为0,0，所有的坐标都是浮点型数字。</p>
<p style=""text-align: center;""><img src=""@@PLUGINFILE@@/%E6%92%9E%E7%90%83.JPG"" height=""703"" width=""533"" /></p>
<h2><b>输出</b></h2>
<p>一个浮点型数字，代表总路程，结果精确到小数点后 4 位。</p>",1,5,,1576908000,1578239700,1,0,0,1578239700,8,1,0,0,,,,,,0,0,,1,1576910146,1
23793,1717,64.拱猪计分,"<p><strong>背景：<br />??? </strong>拱猪是一种很有趣的扑克牌游戏。即使你不知道它的玩法，你也可以由它的计分方式来了解它的趣味性。 假设在此我们仅考虑四个人的拱猪牌局，本题要求你根据下面的计分规则，在牌局结束时计算四位玩家所得分数。</p>
<ol type=""1"">
<li>我们分别以S、H、D及C来代表黑桃，红心，方块及梅花，并以数字1至 13来代表A、2、…、Q、K等牌点，例如：H1为红心A，S13为黑桃K。</li>
<li>牌局结束时，由各玩家持有的有关计分的牌(计分牌)仅有S12(猪)，所有红心牌，D11(羊)及C10(加倍)等16张牌。其它牌均弃置不计。若未持有这16张牌之任一张则以得零分计算。</li>
<li>若持有C10的玩家只有该张牌而没有任何其它牌则得+50分，若除了C10 还有其它计分牌，则将其它计分牌所得分数加倍计算。</li>
<li>若红心牌不在同一家，则H1至H13等13张牌均以负分计，其数值为-50， -2，-3，-4，-5，-6，-7，-8，-9，-10，-20，-30，-40。而且S12与D11分别以-100及+100分计算。</li>
<li>若红心牌H1至H13均在同一家，有下列情形：
<ul>
<li>所有红心牌以+200分计算。</li>
<li>若S12、D11皆在吃下所有红心牌之一家，则此玩家得+500分。</li>
<li>而C10还是以前面所述原则计算之。</li>
</ul>
</li>
</ol>
<p>例一：若各玩家持有计分牌如下： ( 每列代表一玩家所持有之牌 )</p>
<p>S12 H3 H5 H13<br />D11 H8 H9<br />C10 H1 H2 H4 H6 H7<br />H10 H11 H12</p>
<p>则各家之得分依序为： -148 、 +83 、 -138 及 -60 。</p>
<p>例二：若各玩家持有计分牌如下：(第四家未持有任何计分牌)</p>
<p>H1 H2 H3 H4 H5 H6 H7 H8 H9 H10 H11 H12 H13<br />S12 C10<br />D11</p>
<p>则各家之得分依序为： +200 、 -200 、 +100 及 0 。</p>
<p>例三：若有一玩家持有所有 16 张计分牌，则得 +1000 分。其余三家均得零分。</p>
<p><strong>输入：<br />??? </strong>每个输入文件由多组测试数据构成，每组测试数据有四行，每一行第一个数为该玩家所持有计分牌总数，而后列出其所持有之所有计分牌，牌数与各计分牌均以一个以上的空格分开。相邻两组测试数据之间不会有空白行，读到四家持牌数都为 0 表示文件结束。</p>
<p><strong>输出：<br /></strong>??? 每一行输出一组测试数据对应的结果，依次输出各家所得分数，共四个整数 ( 含正负号，0 除外)，相邻两个整数之间以一个空格分开，符号和数字间不可以有空格。每组输出间不需要有空白行。</p>",1,5,,1576908000,1578239700,1,0,0,1578239700,8,1,0,1,,,,,,0,0,,1,1576910190,0
23795,1717,65-1.大家做游戏-调试程序练习,"<p>下面程序是编程题大家做游戏的<strong><span style=""color: #ff0000;"">递归</span></strong>版。<br />数组a保存小孩的编号。<br />函数game(int n, int m, int k)的功能是 n 个小孩围成一个圆圈，从下标为 m 的小孩开始报数，报到 k 时，该小孩退出圈外。函数返回留在圈中最后一个小孩的编号。<br />程序中存在错误，请调试程序改错。</p>
<p>#include &lt;stdio.h&gt;<br /><br />int a[100];<br /><br />int game(int n, int m, int k)?? ??? ??? ?//递归大家做游戏<br />{?? ??? ??? ??? ??? ??? ??? ??? ????????????????? //n:小孩总数，m：从下标为 m 的小孩开始报数，k:报数值<br />?? ?int i, j=0, count = 0, g;?? ??? ??? ? //j:当前报数值<br />?? ?do<br />?? ?{<br />?? ??? ?if(a[m]!=0)?? ??? ??? ??? ? ? ? ? ? ? //报数小孩不能为空<br />?? ??? ?{<br />?? ??? ??? ?j++;<br />?? ??? ??? ?if( j == k )?? ??? ??? ???????????? //报数到退出值<br />?? ??? ??? ??? ?a[m] = 0;?? ??? ??? ? ? ? ? ? //该小孩退出队<br />?? ??? ??? ?m++;?? ??? ??? ??? ????????????? //报数<br />?? ??? ??? ?if( m &gt;= n )?? ??? ????????????? //当前报数者超出范围<br />?? ??? ??? ??? ?m=0;?? ??? ????????????????? //循环到队首<br />?? ??? ?}<br />?? ??? ?else<br />?? ??? ??? ?while( a[m] == 0 )?? ??? ? ? //跳过已出队者<br />?? ??? ??? ?{<br />?? ??? ??? ??? ?m++;<br />?? ??? ??? ??? ?if(m&gt;=n)<br />?? ??? ??? ??? ??? ?m=0;<br />?? ??? ??? ?}<br />?? ?}while( j &lt; k );?? ??? ??? ??? ??? ? ? ? //报数一次，退出一个小孩<br />?? ?for(i=0;i&lt;n;i++)?? ??? ??? ? ? ? ? ? ? //统计还在队内的小孩个数<br />?? ??? ?if(a[i]!=0)<br />?? ??? ?{<br />?? ??? ??? ?g=i;<br />?? ??? ??? ?count++;<br />?? ??? ?}<br />?? ?if( count == 1 )?? ??? ??? ??? ???????? //剩一个小孩结束递归<br />?? ??? ?return(g);?? ??? ??? ??? ? ? ? ? ? ? ? //返回队中最后一人编号<br />?? ?while(a[m]==0)?? ??? ??? ??? ???????? //计算下次开始报数小孩<br />?? ?{<br />?? ??? ?m++;<br />?? ??? ?if(m&gt;=n)<br />?? ??? ??? ?m=0;<br />?? ?}<br />?? ?return(game(n,m,k));?? ??? ??? ? ? ? //递归调用报数函数<br />}<br /><br />int main()<br />{<br />?? ?int i,n,r;<br />?? ?scanf(""%d%d"",&amp;n,&amp;r);?? ??? ??? ? ? ? ? ? ? ? ? ? ? ? ?? //输入小孩总数，报数值?? ?<br />?? ?for(i=0;i&lt;n;i++)<br />?? ??? ?a[i]=i+1;?? ??? ??? ??? ??? ???????????????????????????????? //给小孩编号<br />?? ?printf(""The left child is NO %d.\n"",game(n,1,r)); //从第一个小孩开始报数<br />?? ?return 0;<br />}<br /><br /></p>",1,10,,1513922400,1515599700,1,0,0,1515599700,8,0,0,0,,,,,,0,0,,1,1513586727,0
23796,1717,67. 学生成绩排序,"<p>??? 大家参加了期末考试，成绩出来后老师要对 n 个学生进行成绩汇总和排序。要求程序按成绩降序进行排序。在排序过程中对于成绩相同的学生，要按照输入数据的顺序进行排列。例如：有5名学生的成绩：<br />zhang1,90<br />zhang2,91<br />zhang3,99<br />zhang4,91<br />zhang5,98</p>
<p>则排序结果应该为：<br />zhang3,99<br />zhang5,98<br />zhang2,91<br />zhang4,91<br />zhang1,90</p>
<p>请注意例题中“zhang2”和“zhang4”的排列顺序。</p>
<p><strong>输入：</strong><br />??? 第一行为将要输入的学生数量n<br />??? 从第二行起后面连续 n 行数据，每行为一名学生的姓名（长度不超过20个字符，不包括空格），考试成绩（int）</p>
<p><strong>输出：<br /></strong>??? 排序后的结果。每行为一名学生的姓名和成绩。</p>",1,5,,1513922400,1515772500,1,0,0,1515772500,8,0,0,0,,,,,,0,0,,1,1513586823,0
23797,1717,49.数码管,"<div id=""description"">
<h3>背景</h3>
<p>数码管是一种廉价的十进制数字显示装置，它的基本工作原理是：一个数码管有 7 段，我们将它对应成八位二进制的 8 位。这 8 位的编号从左向右分别是 7、6、5、4、3、2、1、0。数码管的一段对应二进制的一位，如果要点亮某一段，则需要将相应的二进制位置 1，其余不亮的段要将对应的位置 0。下图表示了 7 个二进制在数码管上对应的位置：</p>
<pre><code> 　2<br /> +---+<br />3| 　 |4<br /> | 1 |<br /> +---+<br />5| 　 |6<br /> | 0 |<br /> +---+ </code></pre>
<p>例如，我们要显示出数字“1”，则应该点亮数码管的第4和6段。这样对应的8位二进制数就是：0101 0000。如果用十六进方式表示出来就是 50。</p>
<p>同理，要显示出“3”，应该点亮：0、1、2、4、6；对应的二进表示为：0101 0111，用十六进制表示就是 57。</p>
<p>请编写一个程序，用 5 个数码管显示一个 16 位 (bit) 的正整数。</p>
<p><strong><span style=""color: #ff0000;"" color=""#ff0000"">说明：</span></strong>如果需要显示的数据不足5位，则在数据前面补0。例如120要显示为00120。</p>
<h3>输入</h3>
<p>程序的输入是一系列 16 位(bit)的正整数（10进制形式），数与数之间允许用空白符隔开，当数字为 0 时程序结束。</p>
<h3>输出</h3>
<p>针对每个正整数，输出 5 个字节的十六进制数，它们可以表示 5 个数码管的状态。其中右侧第 1 个数表示输入数字的个位，第 2 个数表示十位，以此类推。</p>
</div>",1,5,,1574488800,1576425300,1,0,0,1576425300,8,0,0,1,,,,,,0,0,,1,1574444564,0
23798,1717,67. 建立正序链表,"<p>请按照<span style=""color: #ff0000;"">输入整数的顺序</span>建立一个带表头节点的链表。已知程序的基本结构如下，请你编写 ins_list 函数。</p>",1,5,,1576893600,1578239700,1,0,0,1578239700,8,0,0,0,,,,,,0,0,,1,1576910553,0
23799,1717,68. 链表排序,"<p>　　对于输入的 n 个数据 num 进行排序，要求将输入的数据按 num 升序建立带有表头结点的链表，且链表中不能有重复的数据。</p>
<p>　　现在已经给出结点定义和程序框架，包括 main 函数和链表输出函数 outlist，请编写函数 sortlist 完成链表排序功能。</p>
<p>函数原型 sortlist( PNODE h, int num ) 的参数含义如下：?<br />?????? h ：单链表的头指针<br />??????num ：新输入的需要插入链表中的数据</p>",1,5,,1577239200,1578671700,1,0,0,1578671700,8,0,0,1,,,"#include ""stdio.h""
struct node
{	int data;
	struct node * next;
} ;

typedef struct node NODE;
typedef struct node * PNODE;

int main ( )
{   int num=1;
	PNODE head;

	head = (PNODE)malloc( sizeof(NODE) );
	head->next = NULL;
	head->data = -1;

	while ( num!=0 )
	{  	scanf(""%d"", &num);
		if ( num!=0 )
			sortlist( head, num);
	}
	outlist( head );
	return 0;
}

outlist( PNODE head )
{	PNODE p;
	p = head->next;
	while ( p != NULL )
	{	printf(""%d\n"", p->data);
		p = p->next;
	}
}

/* This is an example for list. Please programme your code like it.
sortlist( PNODE h, int num )
{	PNODE p;
	p = (PNODE)malloc( sizeof(NODE) );
	p->data = num;
	p->next = h->next;
	h->next = p;
}
*/",,,0,0,,1,1577455605,0
23800,1717,69. 链表处理*,"<p>编写一个函数，给定的带有头结点的单向链表 head，给定某结点的数据域值 m，将该结点移到链首。</p>
<p>结构的定义：</p>
<p><span style=""font-family: courier new,courier,monospace;"">typedef struct node</span><br style=""font-family: courier new,courier,monospace;"" /><span style=""font-family: courier new,courier,monospace;"">{<br />? int num;</span><br style=""font-family: courier new,courier,monospace;"" /><span style=""font-family: courier new,courier,monospace;"">? struct node *next;</span><br style=""font-family: courier new,courier,monospace;"" /><span style=""font-family: courier new,courier,monospace;"">} SNODE;</span></p>
<p>函数的原型：<span style=""font-family: courier new,courier,monospace;"">SNODE *movenode(SNODE *head, int m);<br /></span></p>
<p>其中：参数 head 是单向链表的头指针；参数 m 是某结点的num成员的值。</p>
<p>例如输入结点数 n=7，则将结点数值域值 m=5 的结点移动到链首。函数运行前后链表的情况如下图所示。</p>",1,5,,1577412000,1578671700,1,0,0,1578671700,8,0,0,0,,,,,,0,0,,1,1577455650,0
23801,1717,70：链表移动,"<p>编写一个函数，将给定的带有头结点的单向链表的前m个节点移到链尾。<br />??? 结构的定义：<br />struct node<br />{? int num;<br />???????????? struct node *next;<br />}<br />函数的原型：struct node *monenode( struct node *head,int m )， 其中：参数head 是单向链表的头指针；参数m 是要移动的节点数。函数的返回值是单向链表的头指针。<br />例如当m=4时：<br /><img src=""@@PLUGINFILE@@/%E9%93%BE%E8%A1%A820121229.JPG"" height=""179"" width=""609"" /></p>",1,0,编程复习四,1577412000,1578671700,1,0,0,1578671700,8,0,0,0,,,,,,0,0,,1,1577455689,0
23802,1717,71. 求循环节,"<p>对于任意的真分数 N/M （ 0 &lt; N &lt; M ），均可以求出对应的小数。如果采用链表存储各位小数，对于循环节采用循环链表表示，则所有分数均可以表示为如下链表形式。</p>
<p><img src=""@@PLUGINFILE@@/DS2.JPG"" height=""395"" width=""485"" /></p>
<p><strong>输入： </strong>N M</p>
<p><strong>输出： </strong>整个循环节</p>
<p><strong>要求：<br /></strong><strong>?</strong>编写一个<span style=""color: #ff0000;"" color=""#ff0000"">尽可能高效</span>的查找循环节起始点的函数： NODE * find( NODE * head, int * n?) 。函数的返回值为循环节的起点（即图中的指针p），n为循环节的长度。</p>
<p>说明：提交程序时请同时提交将分数转换为小数的函数 change( int n, int m, NODE * head ) 。</p>",1,5,,1577419200,1578671700,1,0,0,1578671700,8,0,0,0,,,,,,0,0,,1,1577455736,0
23803,1717,仲上机实验练习4.哥德巴赫猜想,"<p>验证哥德巴赫猜想：任何大于4的偶数均可分解为两个素数之和（除1和本身以外没有其它约数的大于1的整数称为素数）。</p>
<p>编写程序，输入任意一个大于4的偶数，将其分解为两个素数之和，将这两个素数输出。</p>
<p>注意：对第一个加和项从小到大穷举，找到第一组符合条件的即输出。</p>
<p>输入：24↙</p>
<p>输出：24=5+19↙</p>",1,10,,1571277000,1575173400,1,0,0,1575173400,8,1,0,0,,,,,,0,0,,1,1573307915,0
23804,1717,仲上机实验练习5.字符菱形,"<p>大写字母空心菱形</p>
<p>输入菱形的边长和起始字母，输出大写字母空心菱形。输出的字母是循环的，即递增到字母 'Z' 以后输出 'A'。</p>
<p>输入：4 D↙</p>
<p>输出： ? ?D↙</p>
<p>? ? ? ? ? ? E? O↙</p>
<p>? ? ? ? ? ?F??? N↙</p>
<p>? ? ? ? ? G???? M↙</p>
<p>? ? ? ? ? ? H?? L↙</p>
<p>? ? ? ? ? ? ?I? K↙</p>
<p>? ? ? ? ? ? ? J↙</p>",1,10,,1571277000,1575173400,1,0,0,1575173400,8,1,0,0,,,,,,0,0,,1,1573307937,0
23805,1717,【测试三】子串反向,"<p>请编写一个递归函数 reverse(char str[], int start, int end ) ，该函数的功能是将串 str 中下标从 start 开始到 end 结束的字符颠倒顺序。假设 start 和 end 都在合理的取值范围。</p>
<p>例如：</p>
<p>执行前：str[]=""0123456""；start=1 ；end=4</p>
<p>执行后：strr[]=""0432156""</p>
<p>要求在该函数中不使用新的数组，没有循环。</p>
<p><strong>注意：只需要编写递归函数 reverse，系统中已经设置好了main函数。</strong></p>",1,0,,1526368200,1526375400,1,0,0,1526375400,8,1,0,0,,,,,,0,0,,1,1526376074,0
23814,1717,21.【小学生】根据日期求星期,"<p>任意给出一个年月日，求出是星期几。</p>
<p><strong>输入：</strong></p>
<p><strong>??? </strong>年 月 日</p>
<p><strong>输出：</strong></p>
<p><strong>??? </strong>0～6。<br />??? 星期日用 0 表示，星期一用 1 表示，星期二用 2 表示......星期六用 6 表示。</p>
<p>假设年份大于1900。先想一想：我们现在只会使用 if 语句，该如何建立<span style=""color: #ff0000;"">数学模型</span>？找到数学模型是解决本题的关键。</p>
<p>看了部分先完成同学提交的程序，有人居然使用数组了，这个太不应该，因为我们根本就没有讲数组，让我怀疑使用数组的程序是抄的。</p>",1,5,,1539734400,1541865300,1,0,0,1541865300,8,0,0,1,,,,,,0,0,,1,1539748877,1
23815,1717,22.【小学生】找出最大素数,"<p>小明在中学学习了什么是素数。素数是指一个只能被1和它本身整除的数，在数论中占有重要的研究地位，在当代密码学中也被广泛应用。</p>
<p><strong>输入：</strong></p>
<p>??? 取值范围</p>
<p><strong>输出：</strong></p>
<p>??? 该范围内的最大素数</p>",1,5,,1539734400,1541865300,1,0,0,1541865300,8,0,0,1,,,,,,0,0,,1,1539748910,1
23816,1717,23【入门】输出你的第一个图形,"<h3>背景：</h3>
<p>我们已经学习了 printf 函数的基本使用方法，这里给出了一个小程序，它运行的结果是输出一个由星号（*）组成的4*4的正方形。</p>
<p>程序如下：</p>
<p><img alt=""输出第一个图形"" src=""@@PLUGINFILE@@/printf.JPG"" height=""187"" width=""370"" /></p>
<h4>要求：</h4>
<p>按照上面的程序范例，编写一个小程序，要求输出的是 4 行由*号组成的正方形。</p>
<h4>输入：</h4>
<p>无。</p>
<h4>输出：</h4>
<p>指定图形。</p>",1,5,,1539734400,1541865300,1,0,0,1541865300,8,0,0,1,,,,,,0,0,,1,1539748943,1
23817,1717,24.【小学五年级】再算星期,"<p>再次给出任意一个年月日（年&gt;1900），现在我们不能只是直接计算，要先判断给出的日期是否合法，对于非法的日期要给出错误提示信息，合法的日期要再计算是星期几。</p>
<p><strong>输入：</strong></p>
<p><strong>??? </strong>年 月 日</p>
<p><strong>输出：</strong></p>
<p><strong>??? </strong>0～6。<br />??? 星期日用 0 表示，星期一用 1 表示，星期二用 2 表示......星期六用 6 表示。</p>
<p>假设年份大于1900。先想一想：我们现在只会使用 if 语句，该如何建立数学模型？</p>",1,5,,1539734400,1541865300,1,0,0,1541865300,8,0,0,1,,,,,,0,0,,1,1539748974,1
23818,1717,25.【小学五年级】确定母亲节,"<p>母亲节是每年的五月第二个星期天，针对输入的年份，计算该年的哪一天是母亲节。</p>
<p><b>输入：</b><b></b></p>
<p>??? 年份</p>
<p><b>输出：</b><b></b></p>
<p>??? 日期（5月的哪一天）</p>",1,5,,1539734400,1541865300,1,0,0,1541865300,8,0,0,1,,,,,,0,0,,1,1539749007,1
23819,1717,26.【小学四年级】贪吃的猴子,"<p>有一只猴子，第一天摘了若干个桃子?，当即吃了一半，但还觉得不过瘾?，就又多吃了一个。第2天早上又将剩下的桃子吃掉一半，还是觉得不过瘾，就又多吃了两个。以后每天早上都吃了前一天剩下的一半加天数个（例如，第5天吃了前一天剩下的一半加5个）。到第n天早上再想吃的时候，就只剩下一个桃子了。</p>
<p><strong>输入：</strong></p>
<p>??? 天数n</p>
<p><strong>输出：</strong></p>
<p>??? 第一天的桃子个数</p>
<p>提述：要先建立递推公式。</p>",1,5,,1539734400,1541865300,1,0,0,1541865300,8,0,0,0,,,,,,0,0,,1,1539749040,1
23820,1717,27.【中学】寻找特殊偶数,"<h2>背景</h2>
<p>有一种特殊偶数，它每一位上的数字都两两不相同。我们现在需要找出四位数中某一区间内的这类偶数。</p>
<h2>输入</h2>
<p>所要寻找的四位偶数的范围。每组输入有两个数字：第一个数字是最小范围；第二个数字是最大范围。如果输入遇到0，输入结束。</p>
<h2>输出</h2>
<p>列出此范围内的所有特殊偶数，并且列出此范围内特殊偶数的个数。</p>",1,5,,1539734400,1541865300,1,0,0,1541865300,8,0,0,0,,,,,,0,0,,1,1539749077,1
23821,1717,28.【中学】寻找阿姆斯特朗数,"<p>请编写一个程序寻找一种特殊整数：一个 n 位的正整数等于其各位数字的<strong>n次方之和</strong>。</p>
<p>例如：407=4×<span style=""color: #0000ff;"" color=""#0000ff"">4×</span>4+0×<span style=""color: #0000ff;"" color=""#0000ff"">0×</span>0+7×<span style=""color: #0000ff;"" color=""#0000ff"">7×</span>7。所以407就是一个特殊数。</p>
<h2>输入：</h2>
<p>??? 正整数的位数n（n&lt;=6）。</p>
<h2>输出：</h2>
<p>?? 所有此n位特殊数。每个数占一行。若不存在符合条件的特殊数，则输出提示：""<span style=""color: red;"">No output.</span>”；若存在，则从小到大进行输出。</p>
<h2>说明：</h2>
<p>假设输入为4，在4位整数中，有3个4位的特殊数，则输出格式为（输出中的1111、2222和9999并不是4位特殊数，只是格式样例）：</p>
<pre><code>1111<br />2222<br />9999</code></pre>",1,5,,1539734400,1541865300,1,0,0,1541865300,8,0,0,0,,,,,,0,0,,1,1539749129,1
23822,1717,29.【图形】数字正方型,"<p>这是双重循环的入门题目，大家来看看，你会做吗？</p>
<p>输入 n 的值，输出如下例（ n=4 ）所示的由数字组成的正方型。<br />? 1? 2? 3? 4<br />? 5? 6? 7? 8<br />? 9 10 11 12<br />?13 14 15 16</p>
<p><strong>输入： </strong><br />??? n</p>
<p><strong>输出：</strong><br />?? 数字组成的正方型</p>",1,5,,1539734400,1541865300,1,0,0,1541865300,8,0,0,0,,,,,,0,0,,1,1539749161,1
23823,1717,30.【中学】求最后3位数值,"<p>小明在中学会求一个数的 n 次方了，但计算机还不会，请你来编写一个程序吧。由于计算机比较“笨”，所以我们编写程序的功能不用太强，只要能算出 a 的 n 次方的最后 3 位数就可以了。</p>
<p><strong>输入：</strong></p>
<p>??? a 和 n 的值。假设 a&lt;=150 。</p>
<p><strong>输出：</strong></p>
<p>??? 求 a 的 n 次方的最后 3 位数。</p>
<p>提示：再想一想，你的方法对吗？你用的是什么数据类型？</p>",1,5,,1539734400,1541865300,1,0,0,1541865300,8,0,0,0,,,,,,0,0,,1,1539749194,1
23825,1717,31.【图形】数字菱形,"<p>这是非信息类2013年出的题目，大家来看看，你会做吗？</p>
<p>输入 n 的值，输出如下例（ n=4 ）所示的数字菱形。<br />　 4 <br />　434 <br />?43234 <br />4321234 <br />?43234 <br />　434 <br />　 4 <br /><strong>输入： </strong><br />??? n</p>
<p><strong>输出：</strong><br />? ?数字菱形</p>
<p><strong>友情提示：</strong>同学们总结一下打印星号组成的实心图形程序的编程思路：第一步，打印星号组成的正方形；第二步，改变每行星号的个数，打印每行星号数量不一样的图形；如果是空心图形，每行第一个和最后一个位置输出星号，其他位置输出空格。</p>
<p>现在我们练习输出变化的字符，在打印星号图形的基础上，原来输出*号的位置，将printf(""*"");改为printf(""%2d"",x);当然，原来输出一个*号的地方只占一个字符的位置，现在都要改为2个字符的位置，如果输出的是数字且多于2个，则要是%3d或%4d了。</p>
<p>x是多少呢？则要寻找其规律，就是该输出位置与所在行列的关系。</p>
<p><span style=""color: #000000;"" color=""#000000"">注意给出的测试用例，输出的数字是左对齐啊。</span>不用数组就可以完成。</p>",1,5,,1539734400,1541865300,1,0,0,1541865300,8,0,0,0,,,,,,0,0,,1,1539749243,1
23826,1717,32.【图形】空心的倒三角型,"<div>
<p>??? 请根据要求打印可空心倒三角形。</p>
<h2>输入：</h2>
<p>??? 输入三角形的高度（h <span style=""color: #cc0000;"" color=""#cc0000"">&gt;0</span>）。</p>
<h2>输出：</h2>
<p>??? 打印相应的空心倒三角形。图样参见测试用例。</p>
</div>",1,5,,1539734400,1541865300,1,0,0,1541865300,8,0,0,1,,,,,,0,0,,1,1539749279,1
23828,1717,34.【日期】计算后续日期,"<p>我们经常要计算，从今天往后N天之后是哪一天（哪年哪月哪日）。现在我们就可以编写一个程序，推算指定日期之后的第N天是什么日期。</p>
<p>输入：<br />? 年 月 日<br />? N</p>
<p>输出：<br />（年月日+N天后的）年.月.日</p>",1,5,,1542153600,1543679700,1,0,0,1543679700,8,0,0,0,,,,,,0,0,,1,1542160554,1
23829,1717,35.【中学】零钱换整钱,"<p>??? 小明手中有硬币，小红手中有若干张10元的纸币。已知 1 角硬币厚 1.8mm，5 角硬币厚 1.5mm，1 元硬币厚 2.0mm 。小红拿出若干张10元的纸币，小明要将 1 角的硬币放成一摞，将 5 角的硬币放成一摞，将 1 元的硬币放成一摞，如果 3 摞硬币一样高，且三摞硬币的金额之和正好等于小红要求的面值，则双方交换，否则没有办法交换。</p>
<p><strong>输入</strong>：?<br />??? 小红希望交换几张10元的纸币</p>
<p><strong>输出</strong>： <br />??? 1 角的数量,5 角的数量,1元的数量</p>",1,5,,1542153600,1543679700,1,0,0,1543679700,8,0,0,0,,,,,,0,0,,1,1542160591,1
23830,1717,36.【图形】空心数字梯形*,"<div id=""description"">
<p>输入行数 n 和首数字字符，在屏幕上输出由数字围起的高和下底宽度均 n 的空心梯形。 要求：输出的数字是循环的，即输出数字 9 后再输出的数字是 0。</p>
<p><strong>输入：<br /></strong>? 行数n 和首字符</p>
<p><strong>输出：<br /></strong>??? 空心梯形</p>
</div>",1,5,,1542175200,1543679700,1,0,0,1543679700,8,0,0,0,,,,,,0,0,,1,1542160642,1
23831,1717,37. 晕,"<p>看着这样的""回”形图案你晕吗？来做出它。</p>
<p><strong>输入：<br /></strong>??? n。正方形的边长</p>
<p><strong>输出：<br /></strong>??? 边长为 n 的数字回形方阵。</p>",1,5,,1542175200,1543679700,1,0,0,1543679700,8,0,0,0,,,,,,0,0,,1,1542160679,1
23832,1717,36. 【中学】科学记数法,"<p>对于非常大或者非常小的数据，我们通常用科学记数法来表示。例如在科技文献和电脑中经常遇到的 2.3×10<sup>6</sup> （计算机中的科学记数法表示为：2.3E6），或者 9.18×10<sup>-5 </sup>（科学记树法表示：9.18E-5）这种类型的数据。</p>
<p><strong>输入：</strong><br />??? 用科学记数法表示的数据。即为符合C语言表示的科学记数法表示。</p>
<p><strong>输出：</strong><br />??? 该数据的双精度表示</p>
<p><strong>说明：</strong><br />??? 输入数据的精度不高于小数点后50位。<br />??? 输入数据时，在<strong>实数</strong>和<strong>幂</strong>之间有<strong>空格</strong>进行分隔，空格个数不定。<br />??? 结果保留到小数点后8位，如不足8位用0补足，超过8位则截断，不进行四舍五入的处理。</p>",1,5,,1572739200,1574610900,1,0,0,1574610900,8,0,0,1,,,,,,0,0,,1,1573222394,1
23833,1717,37. 【中学】整数问题,"<div id=""description"">
<p>请输出满足以下条件的 n 位正整数的个数：</p>
<p>要求该n位整数的从高位开始前 1 位可以被 1 整除，前 2 位可以被 2*2 整除，前 3 位可以被 3*3 整除，前 4 位可以被 4*4 整除......。即该整数前 k 位都可被 k 平方整除。</p>
<p>例如：n=1，则符合条件的1位正整数为1～9，输出答案 9。n=2，符合条件的正整数为：12, 16, 20, 24, 28, 32, 36, 40, 44, 48， 52, 56, 60, 64, 68, 72, 76, 80, 84, 88, 92, 96，则输出答案22。当n=4时，2432就是一个符合题意的整数。第一位 2 可以被1整除；前2位24可以被4整除；前3位243可以被9整除；整个4位2432可以被16整除。</p>
<p><strong>输入：<br /></strong>　　n(0&lt;=n&lt;9)</p>
<p><strong>输出：<br /></strong>??? 符合该条件的n位正整数的数量</p>
<p>（本题目为软件学院2007年保研学生初试上机试题。<span style=""color: #ff0000;"" color=""#ff0000"">本题可以不用数组</span>）</p>
</div>",1,5,,1572739200,1574610900,1,0,0,1574610900,8,0,0,0,,,,,,0,0,,1,1573222415,1
23834,1717,40：数制转换,"<p>我们通常使用的都是十进制的数字，但其实在生活中也经常会使用其它进制。</p>
<p>这个题目会给你两个不同的数字，它们不属于同一进制，要求你计算出当它们分别处于何种进制之中时，两个数字相等。譬如 12 和 5 ，在十进制下它们是不等的，但若 12 使用 3 进制而 5 使用六进制或十进制时，它们的值就是相等的。因此只要选择合适的进制， 12 和 5 就可以是相等的。</p>
<p>程序的输入是两个数字 M 和 N( 其十进制的值不超过 1000000000) ，它们的进制在 2~36 之间。对于十以下的数字，用 0~9 表示，而十以上的数字，则使用大写的 A~Z 表示。</p>
<p>求出分别在 2~36 哪种进制下 M 和 N 相等。若相等则输出相应的进制，若不等则输出错误信息。当然了，对于多种可能成立的情况，找出符合要求的进制最小的一组就行了。信息的格式见测试用例。</p>",1,5,,1542153600,1543679700,1,0,0,1543679700,8,0,0,1,,,,,,0,0,,1,1542160943,0
23835,1717,（1小时）限时题1：找出平方数,"<p>从本次作业开始，我们发布一些限时题，如果你从第一次看见它，到做完这道题，保持在1小时内，说明你的编程能力有了一定提高，是可以继续开始后阶段的学习的，否则，说明你很吃力，建议你打好基础，再继续前行，否则，你会越来越吃力.....</p>
<p></p>
<p>输入两个非负整数m，n（n&gt;=m）</p>
<p>输出[m..n]区间的所有平方数之和。</p>
<p>例如：</p>
<p>输入：</p>
<p>4,9</p>
<p>输出：</p>
<p>13</p>
<p></p>
<p></p>",1,50,,1522887000,1526918100,1,0,0,1524326100,8,1,0,0,,,,,,0,0,,1,1522940738,0
24203,1717,王允-上机实验练习1.求质数,"<p>这道题是开胃小菜，先来一个最简单的。</p>
<p>判断一个数是否是质数，如果是质数，就输出Yes，否则，输出No</p>",1,10,,1571277000,1573963800,1,0,0,1571285400,10,0,0,0,,,,,,0,0,,1,1572346013,1
24220,1717,李荣华-完美贪吃蛇,"<h4>Description</h4>
<p style=""margin-left: 30px;"">贪吃蛇是一款经典的益智游戏，相信大家都知道游戏规则，这里不多介绍。</p>
<p style=""margin-left: 30px;"">小马同学是一个游戏高手，他已经不满足于普通的贪吃蛇游戏，因为他很快就玩儿通关了，即贪吃蛇铺满了整个屏幕。</p>
<p style=""margin-left: 30px;"">所以下一步，他决定以最完美的方式通关游戏，他想模拟蛇的形态。</p>
<p style=""text-align: center;""><img src=""@@PLUGINFILE@@/Snake.jpg"" width=""220"" height=""220"" alt=""贪吃蛇"" /></p>
<p style=""margin-left: 30px;"">如图，蛇是盘旋的姿态。因为游戏是二维平面的，所以游戏通关的时候也应该模拟满足盘旋向内的形态，如图所示。（图像由Python Turtle库绘制）</p>
<p align=""center""><img src=""@@PLUGINFILE@@/Turtle.jpg"" width=""182"" height=""183"" alt=""python turtle绘图"" /></p>
<p style=""margin-left: 30px;"">现在小马同学想考考你他通关时的状态。</p>
<p style=""margin-left: 30px;"">为了方便表示，我们用自然数序列表示蛇，即蛇头编号为0，蛇身依次为1，2，3……</p>
<p style=""margin-left: 30px;"">保证蛇尾的运动方向为从左向右。</p>
<p style=""margin-left: 30px;"">假设游戏屏幕长为 ?math style=¨font-family:`Times New Roman`¨ xmlns=¨http://www.w3.org/1998/Math/MathML¨??mi?n?/mi??/math??，宽为??math style=¨font-family:`Times New Roman`¨ xmlns=¨http://www.w3.org/1998/Math/MathML¨??mi?m?/mi??/math??。</p>
<p style=""margin-left: 30px;"">请你输出游戏通关时的蛇的状态，即一个??math style=¨font-family:`Times New Roman`¨ xmlns=¨http://www.w3.org/1998/Math/MathML¨??mi?n?/mi??mo?§#215;?/mo??mi?m?/mi??/math??的矩阵。</p>
<p style=""margin-left: 30px;"">详细请参考样例。</p>
<h4>Input</h4>
<p style=""margin-left: 30px;"">输入一行两个数??math style=¨font-family:`Times New Roman`¨ xmlns=¨http://www.w3.org/1998/Math/MathML¨??mi?n?/mi??mo?,?/mo??mo?§#160;?/mo??mi?m?/mi??/math??，空格间隔，分别表示屏幕的长和宽。?math style=¨font-family:`Times New Roman`¨ xmlns=¨http://www.w3.org/1998/Math/MathML¨??mo?(?/mo??mn?1?/mn??mo?§#8804;?/mo??mi?n?/mi??mo?,?/mo??mi?m?/mi??mo?§#8804;?/mo??mn?100?/mn??mo?)?/mo??/math?</p>
<h4>Output</h4>
<p style=""margin-left: 30px;"">输出??math style=¨font-family:`Times New Roman`¨ xmlns=¨http://www.w3.org/1998/Math/MathML¨??mi?n?/mi??mo?§#215;?/mo??mi?m?/mi??/math??的矩阵，表示完美贪吃蛇的走向。</p>
<p style=""margin-left: 30px;"">（注意输出数字的特定格式）</p>",1,10,,1571272800,1571272800,1,0,0,1571272800,8,0,0,0,,,,,,0,0,,1,1571275694,0
24221,1717,李荣华-乘法游戏,"<h4>Description</h4>
<p>?????? 小航和小森经常一起玩游戏。</p>
<p>?????? 今天，小航带来一叠卡片，每张卡片上都有一个数值。</p>
<p>?????? 小森立马想出来一个简单的乘法游戏，于是考了考小航，在这些卡片中任意选取两张卡片，卡片上的数值相乘的最大值是多少？</p>
<p>?????? 小航马上给出了正确答案。</p>
<p>?????? 他马上反过来考了考小森，在这些卡片中任意选取两张卡片，卡片上的数值相乘的次大值是多少？（次大值即第二大的值，次大值也有可能等于最大值）</p>
<p>?????? 小森想了好一会儿，也给出了正确答案。</p>
<p>?????? 那么你知道他们分别给出的答案是多少吗？</p>
<h4>Input</h4>
<p>?????? 第一行输入一个整数??math style=¨font-family:`Times New Roman`¨ xmlns=¨http://www.w3.org/1998/Math/MathML¨??mi?n?/mi??/math??。?math style=¨font-family:`Times New Roman`¨ xmlns=¨http://www.w3.org/1998/Math/MathML¨??mo?(?/mo??mn?3?/mn??mo?§#8804;?/mo??mi?n?/mi??mo?§#8804;?/mo??mn?100?/mn??mo?)?/mo??/math?</p>
<p>?????? 第二行输入??math style=¨font-family:`Times New Roman`¨ xmlns=¨http://www.w3.org/1998/Math/MathML¨??mi?n?/mi??/math??个整数 ?math style=¨font-family:`Times New Roman`¨ xmlns=¨http://www.w3.org/1998/Math/MathML¨??msub??mi?a?/mi??mi?i?/mi??/msub??/math??，空格间隔，分别表示??math style=¨font-family:`Times New Roman`¨ xmlns=¨http://www.w3.org/1998/Math/MathML¨??mi?n?/mi??/math??张卡片上的数值。?math style=¨font-family:`Times New Roman`¨ xmlns=¨http://www.w3.org/1998/Math/MathML¨??mo?(?/mo??mo?-?/mo??mn?100000?/mn??mo?§#8804;?/mo??msub??mi?a?/mi??mi?i?/mi??/msub??mo?§#8804;?/mo??mn?100000?/mn??mo?)?/mo??/math?</p>
<h4>Output</h4>
<p>?????? 输出两行，每行一个整数。</p>
<p>?????? 第一行输出小航给出的答案。</p>
<p>?????? 第二行输出小森给出的答案。</p>",1,10,,1571273700,1571273700,1,0,0,1571273700,8,0,0,0,,,,,,0,0,,1,1571402106,0
24222,1717,李荣华-期中测试 - 分数乘法,"<h4>Description</h4>
<p>?????? 分数乘法相信大家都不陌生。</p>
<p>? ? ? ?现给出多个分数，请计算它们相乘的结果。?</p>
<h4>Input</h4>
<p>?????? 第一行输入整数??math style=¨font-family:`Times New Roman`¨ xmlns=¨http://www.w3.org/1998/Math/MathML¨??mi?n?/mi??mo?§#160;?/mo??mo?(?/mo??mi?n?/mi??mo?§#8804;?/mo??mn?50?/mn??mo?)?/mo??/math?，表示一个??math style=¨font-family:`Times New Roman`¨ xmlns=¨http://www.w3.org/1998/Math/MathML¨??mi?n?/mi??/math??个分数。</p>
<p>?????? 接下来??math style=¨font-family:`Times New Roman`¨ xmlns=¨http://www.w3.org/1998/Math/MathML¨??mi?n?/mi??/math??行，每行两个整数??math style=¨font-family:`Times New Roman`¨ xmlns=¨http://www.w3.org/1998/Math/MathML¨??mi?x?/mi??mo?,?/mo??mo?§#160;?/mo??mi?y?/mi??/math??，空格间隔，分别表示分子和分母。?math style=¨font-family:`Times New Roman`¨ xmlns=¨http://www.w3.org/1998/Math/MathML¨??mo?(?/mo??mn?0?/mn??mo?§#8804;?/mo??mi?x?/mi??mo?,?/mo??mi?y?/mi??mo?§#8804;?/mo??mn?100000?/mn??mo?,?/mo??mo?§#160;?/mo??mi?y?/mi??mo?§#8800;?/mo??mn?0?/mn??mo?)?/mo??/math?</p>
<h4>Output</h4>
<p>?????? 若最终答案可化简为整数则输出整数。</p>
<p>? ? ? ?否则输出最简分数形式。</p>
<p>? ? ? ?数据保证所有输出均在int数据范围内。</p>",1,10,,1572921600,1572927300,1,0,0,1572927300,8,0,0,0,,,,,,0,0,,1,1572439332,0
24223,1717,李荣华-期中测试 - 美丽数,"<h4>Description</h4>
<p>?????? 美丽数指，该数的各数位没有相同的数字。</p>
<p>?????? 比如，“123”，“47”，“7380”等皆为美丽数；“111”，“747”，“1201”等皆非美丽数。</p>
<p>?????? 现问，在??math style=¨font-family:`Times New Roman`¨ xmlns=¨http://www.w3.org/1998/Math/MathML¨??mo?[?/mo??mi?l?/mi??mo?,?/mo??mo?§#160;?/mo??mi?r?/mi??mo?]?/mo??/math??范围内共有多少个美丽数，并要求枚举。</p>
<h4>Input</h4>
<p>?????? 输入一行两个整数 ?math style=¨font-family:`Times New Roman`¨ xmlns=¨http://www.w3.org/1998/Math/MathML¨??mi?l?/mi??mo?,?/mo??mo?§#160;?/mo??mi?r?/mi??/math?，空格间隔。?math style=¨font-family:`Times New Roman`¨ xmlns=¨http://www.w3.org/1998/Math/MathML¨??mo?(?/mo??mn?1?/mn??mo?§#8804;?/mo??mi?l?/mi??mo?§#8804;?/mo??mi?r?/mi??mo?§#8804;?/mo??mn?100000?/mn??mo?)?/mo??/math?</p>
<h4>Output</h4>
<p>?????? 输出??math style=¨font-family:`Times New Roman`¨ xmlns=¨http://www.w3.org/1998/Math/MathML¨??mo?[?/mo??mi?l?/mi??mo?,?/mo??mo?§#160;?/mo??mi?r?/mi??mo?]?/mo??/math??范围内的所有美丽数，每个数占一行。</p>
<p>?????? 最后另起一行输出该范围内美丽数的个数。</p>
<p>?????? 若该范围内没有美丽数，输出“Not found”。</p>",1,10,,1572921600,1572927300,1,0,0,1572927300,8,0,0,0,,,,,,0,0,,1,1572439044,0
24224,1717,李荣华-判断回文串,"<h4>Description</h4>
<p>? ? ? ?给定字符串 s（由大小写字母及阿拉伯数字组成），判断 s 是否是回文串。（大小写字母视为不同字符）</p>
<p>? ? ? ?回文串指一个正读和反读都一样的字符串，比如“level”或者“noon”等等就是回文串。</p>
<h4>Input</h4>
<p>? ? ? ?第一行输入一个整数??math style=¨font-family:`Times New Roman`¨ xmlns=¨http://www.w3.org/1998/Math/MathML¨??mi?T?/mi??/math??，代表用例组数。?math style=¨font-family:`Times New Roman`¨ xmlns=¨http://www.w3.org/1998/Math/MathML¨??mo?(?/mo??mn?1?/mn??mo?§#8804;?/mo??mi?T?/mi??mo?§#8804;?/mo??mn?10?/mn??mo?)?/mo??/math?</p>
<p>? ? ? ?接下来的??math style=¨font-family:`Times New Roman`¨ xmlns=¨http://www.w3.org/1998/Math/MathML¨??mi?T?/mi??/math??行，每行输入一个字符串 ?math style=¨font-family:`Times New Roman`¨ xmlns=¨http://www.w3.org/1998/Math/MathML¨??mi?s?/mi??/math??。?math style=¨font-family:`Times New Roman`¨ xmlns=¨http://www.w3.org/1998/Math/MathML¨??mo?(?/mo??mi?§#23383;§#31526;§#20018;§#38271;§#24230;?/mi??mo?§#160;?/mo??mn?1?/mn??mo?§#8804;?/mo??mfenced open=¨|¨ close=¨|¨??mi?s?/mi??/mfenced??mo?§#8804;?/mo??mn?1?/mn??mi?e?/mi??mn?5?/mn??mo?)?/mo??/math?</p>
<h4>Output</h4>
<p>? ? ? ?对于每一个字符串判断其是否为回文串。</p>
<p>? ? ? ?是回文串输出“Yes”，不是输出”No”。</p>",1,10,,1571274900,1571274900,1,0,0,1571274900,8,0,0,0,,,,,,0,0,,1,1571275360,0
24225,1717,李荣华-文本压缩,"<h4>Description</h4>
<p>?????? 文本中重复的字符太多会导致占用大量内存。</p>
<p>?????? 我们有一种最简单的方法对文本进行压缩，即把连续相同的字符，用一个字符代替，同时为了表示该字符连续的个数，我们需要记录其个数，所以在字符后用数字表示该字符的个数。例如“aa”用“a2”代替，“bbb”用“b3”代替，“cccccccccc”用“c10”代替。但是如果该字符没有连续重复，我们保留不变，即“d”还是“d”。</p>
<h4>Input</h4>
<p>? ? ? 输入包含多组用例，输入至文件末尾EOF。</p>
<p>? ? ? 每组用例输入一行字符串 s，仅由小写字母组成，表示待压缩的文本。?math style=¨font-family:`Times New Roman`¨ xmlns=¨http://www.w3.org/1998/Math/MathML¨??mo?(?/mo??mi?§#23383;§#31526;§#20018;§#38271;§#24230;§#28385;§#36275;?/mi??mn?1?/mn??mo?§#8804;?/mo??mo?|?/mo??mi?s?/mi??mo?|?/mo??mo?§#8804;?/mo??mn?1?/mn??mi?e?/mi??mn?5?/mn??mo?)?/mo??/math?</p>
<h4>Output</h4>
<p>? ? ? ?对于每组用例，输出一行字符串，表示压缩后的文本。</p>",1,10,,1571275200,1571275200,1,0,0,1571275200,8,0,0,0,,,,,,0,0,,1,1571403404,0
24257,1717,武循环2--百钱买百鸡,"<div>百钱百鸡问题。</div>
<div>中国古代数学家张丘建在《算经》中提出了著名的“百钱百鸡问题”：鸡翁一，值钱五；鸡母一，值钱三；鸡雏三，值钱一；百钱买百鸡，翁、母、雏各几何?</div>",1,10,,1571709000,1572276600,1,0,0,1571758200,8,0,0,0,,,,,,0,0,,1,1571627803,0
24258,1717,武循环3--疯狂生长的小兔子,"<p>草原上有一对小兔子，它们刚出生后的第1个月会逐步长大，到了第2个月末生出一对小兔子。第3个月大兔子会继续生一对小兔子，而第2个月出生的小兔子会逐步长大。第4个月时，第1月出生的兔子继续生育，第2月出生的小兔子也可以生育一对小兔子了，第3月出生的小兔子则逐步长大……</p>
<p>假设这些草原的兔子非常长寿，可以认为它们不会死亡。请建立数学模型，计算 第n个月时，草原上会有多少对兔子？</p>
<p><strong>输入</strong>：第n个月</p>
<p><strong>输出</strong>：草原上兔子第个数</p>",1,10,,1571709000,1572276600,1,0,0,1571758200,8,0,0,0,,,,,,0,0,,1,1571629184,0
24259,1717,武循环5--打印空心字母三角形,"<p>在前面的练习中，我们已经答应了实心图形、空心图像，如果答应空心字母图形呢？</p>
<p>现给定图形高度h和起始字母，由三角形的顶点开始环绕打印字母，如当图形高度h=6,起始字母为F时，出入的图形为：</p>
<p>? ? ? ? ? ? ? ? ? F <br />? ? ? ? ? ? ? G? ? Y <br />? ? ? ? ? H? ? ? ? ? ? X <br />? ? ? ?I? ? ? ? ? ? ? ? ? ? W <br />? ?J? ? ? ? ? ? ? ? ? ? ? ? ? ?V <br />K L M N O P Q R S T U</p>
<p><strong>输入</strong>：图像高度h，起始字母M</p>
<p><strong>输出</strong>：空心字母图形</p>",1,10,,1571709000,1572276600,1,0,0,1571758200,8,0,0,0,,,,,,0,0,,1,1571726891,0
24260,1717,武循环1--求车牌,"<div>一辆车肇事逃逸。现场有 3 个证人，但都没记住车号，只记下一些特征。</div>
<div>甲说：牌照前两位数字是相同的；</div>
<div>乙说：牌照后两位数字是相同的，但与前两位不同；</div>
<div>丙是数学家，他说：车号是四位，刚好是一个整数的平方。</div>
<div>请求出车号。</div>
<div><strong>输入</strong>：无</div>
<div><strong>输出</strong>：车牌号</div>",1,0,,1571709000,1572276600,1,0,0,1571758200,8,0,0,0,,,,,,0,0,,1,1571643542,0
24261,1717,武循环4--奇异三位数,"<p>一个自然数的七进制表示是一个 3 位数，九进制表示也是一个 3 位数，且这两个三位数的数码顺序正好相反，求这个三位数。</p>
<p>输入：无</p>
<p>输出：该三位数</p>",1,10,,1571709000,1572276600,1,0,0,1571758200,8,0,0,0,,,,,,0,0,,1,1571644721,0
24262,1717,武循环6--打印猫耳朵,"<p>在打印了空心字母图形后，我们可以打印更加复杂的图形了。</p>
<p>根据图形高度h和起始字母M，让我们来打印类似猫耳朵的空心字母图案。</p>
<p>如h=6，起始字母为W时，输出的图案为：</p>
<p>W?????????????????? ?????????W<br /> X K?????????????? ????????K X<br /> Y?? ??J????????? ???????J?? ??Y<br /> Z??? ????I?????? ????I???? ????Z<br /> A????? ????H? ??H?????? ???A<br /> B C D E F G F E D C B</p>
<p>输入：高度h，起始字母M</p>
<p>输出：空心字母图案</p>
<p></p>",1,10,,1571709000,1572276600,1,0,0,1571758200,8,0,0,0,,,,,,0,0,,1,1571647831,0
24269,1717,黄勇-基本文字输出,"<p>从计算机屏幕输出以下语句：</p>
<p>1.C语言是大小写敏感的。</p>
<p>2.main()主函数是程序开始执行的地方。</p>
<p>3.所有的程序语句都需要以分号结尾。</p>",1,10,,1571728200,1578734400,1,0,0,1571736000,10,0,0,0,,,,,,0,0,,1,1578223057,0
24270,1717,黄勇-整数输入输出,<p>从键盘输入两个正整数，计算他们的商和余数并显示到屏幕。</p>,1,10,,1571728200,1578735300,1,0,0,1571736900,10,0,0,0,,,,,,0,0,,1,1579550167,0
24271,1717,黄勇-字符输入输出,<p>从键盘读入四个字符，将他们组成一串输出到屏幕。</p>,1,10,,1571728200,1578735000,1,0,0,1571736600,10,0,0,0,,,,,,0,0,,1,1578223111,0
24272,1717,黄勇-温度转换,<p>编程实现华氏温度到摄氏温度的转化。(C=(F-32)/1.8);</p>,1,10,,1571728200,1578735000,1,0,0,1571736600,10,0,0,0,,,,,,0,0,,1,1578223083,0
24273,1717,黄勇-变量值互换,<p>从键盘读入两个整数，用两个变量承接，编程实现两个变量值的互换。</p>,1,10,,1571728200,1578735000,1,0,0,1571736600,7,0,0,0,,,,,,0,0,,1,1578223323,0
24274,1717,黄勇-实数输入输出,"<p>编写程序满足下列要求：</p>
<p>（1）从键盘读入3个任意实数；</p>
<p>（2）显示这三个实数；</p>
<p>（3）将这3个实数相加，并显示其结果；</p>
<p>（4）将结果按四舍五入方法转成整数并显示。</p>",1,10,,1571728200,1578735000,1,0,0,1571736600,8,0,0,0,,,,,,0,0,,1,1578223141,0
24275,1717,黄勇-坐标点距离计算,"<p>从键盘输入两个点的坐标(x1,y1)和(x2,y2)，并计算他们之间距离。</p>",1,10,,1571728200,1578735000,1,0,0,1571736600,8,0,0,0,,,,,,0,0,,1,1578223167,0
24276,1717,黄勇-三角形面积计算,"<p>从键盘输入不在同一直线上的3个点的坐标(x1,y1), (x2,y2),(x3,y3), 分别计算由这3个点组成的三角形的三条边长a, b,c; 并计算三角形的面积,输出面积显示到小数点后2位。</p>",1,10,,1571728200,1578735000,1,0,0,1571736600,8,0,0,0,,,,,,0,0,,1,1578223194,0
24277,1717,黄勇-近似求PI,"<p>使用格里高利公式求π的近似值，要求最后一项的绝对值精确到从键盘读入的数。（比如0.01,0.001,0.0001等）(PI/4=1-1/3+1/5-1/7+....)</p>",1,10,,1571728200,1578735000,1,0,0,1571736600,7,0,0,0,,,,,,0,0,,1,1578223220,0
24278,1717,黄勇-统计一个整数的位数,<p>从键盘输入任意的整数，计算该整数有多少数。</p>,1,10,,1571728200,1578735000,1,0,0,1571736600,7,0,0,0,,,,,,0,0,,1,1578223275,0
24279,1717,黄勇-求整数阶乘的和,<p>从键盘读入一个正整数，计算从1的阶乘到该整数阶乘的和。比如，输入3，计算1！+2！+3!</p>,1,10,,1571728200,1578735000,1,0,0,1571736600,7,0,0,0,,,,,,0,0,,1,1578223247,0
24280,1717,黄勇-贪吃猴,"<p>有一只猴子，第1天摘了m个桃,当即吃了一半，但还觉得不过瘾，就又多吃了1个。第2天又将剩下的桃子吃掉一半，还是觉得不过瘾，就又多吃了2个。以后每天早上都吃了前一天剩下的一半加天数个(例如,第5天吃了前一天剩下的一半加5个)。到第n天早上再想吃的时候，就只剩下一个桃子了。程序输入n,求m。</p>",1,10,,1571728200,1578735300,1,0,0,1571736900,7,0,0,0,,,,,,0,0,,1,1578223298,0
24358,1717,黄勇-贪吃猴,"<p>有一只猴子，第1天摘了m个桃,当即吃了一半，但还觉得不过瘾，就又多吃了1个。第2天又将剩下的桃子吃掉一半，还是觉得不过瘾，就又多吃了2个。以后每天早上都吃了前一天剩下的一半加天数个(例如,第5天吃了前一天剩下的一半加5个)。到第n天早上再想吃的时候，就只剩下一个桃子了。程序输入n,求m。</p>",1,10,,1571728200,1575365700,1,0,0,1571736900,7,0,0,0,,,,,,0,0,,1,1575358936,0
24359,1717,仲上机实验练习1.求质数,"<p>这道题是开胃小菜，先来一个最简单的。</p>
<p>判断一个数是否是质数，如果是质数，就输出Yes，否则，输出No</p>",1,10,,1571277000,1575173400,1,0,0,1575173400,10,0,0,0,,,,,,0,0,,1,1573307824,1
24364,1717,李荣华-期中测试 - 我要上车,"<h4>Description</h4>
<p>小航同学要去中关村找女盆友，但是他被期中考试耽误了一会儿，他快要来不及了。他必须要赶上最后一班校车。</p>
<p>校车车有一个硬性规定，就是每个乘客都都必须要有座位，不允许站着坐车。如果座位已经满了，就不让上车了。</p>
<p>校车里从前到后一共有12排，每排可以坐4人，中间有过道。但最后一排中间没有过道，所以可以坐5人。详情参见样例。乘客们（包括小航）都懒得走到后面找座，因此他们会坐在尽可能靠前的空位。如果同一排有多个位置，他们会统一坐在最左边的空位。</p>
<p>现在车里已经有 k 个乘客了，小航想知道他能上车吗，如果能，他应该坐在哪？</p>
<p>?</p>
<h4>Input</h4>
<p>输入只有一个数字 k，表示车里已经有的乘客数。不包括小航。?math style=¨font-family:`Times New Roman`¨ xmlns=¨http://www.w3.org/1998/Math/MathML¨ class=¨wrs_chemistry¨??mfenced??mrow??mn?0?/mn??mo?§#8804;?/mo??mi?k?/mi??mo?§#8804;?/mo??mn?49?/mn??/mrow??/mfenced??/math?</p>
<p>?</p>
<h4>Output</h4>
<p>如果小航能上车，输出第一行一个字符串<span class=""md-line md-end-block md-focus"" cid=""n2"" mdtype=""line"" id=""yui_3_17_2_1_1572407087893_131""><span md-inline=""code"" spellcheck=""false"" class=""md-expand"" id=""yui_3_17_2_1_1572407087893_130""><code id=""yui_3_17_2_1_1572407087893_129"">yes</code></span></span>，然后再输出7行，表示小航和其他乘客会坐在哪。其中<span class=""md-line md-end-block md-focus"" cid=""n3"" mdtype=""line""><span md-inline=""code"" spellcheck=""false"" class=""md-expand""><code>.</code></span></span>表示空地，<span class=""md-line md-end-block md-focus"" cid=""n3"" mdtype=""line""><span md-inline=""code"" spellcheck=""false"" class=""md-expand""><code>#</code></span></span>表示空位，<span class=""md-line md-end-block md-focus"" cid=""n3"" mdtype=""line""><span md-inline=""code"" spellcheck=""false"" class=""md-expand""><code>X</code></span></span>表示小航的位置，<strong>大写字母</strong><span class=""md-line md-end-block md-focus"" cid=""n3"" mdtype=""line""><span md-inline=""code"" spellcheck=""false"" class=""md-expand""><code>O</code></span></span>表示其他乘客的位置，<span class=""md-line md-end-block md-focus"" cid=""n3"" mdtype=""line""><span md-inline=""code"" spellcheck=""false"" class=""md-expand""><code>D</code></span></span>表示司机。具体格式可见样例。</p>
<p>如果小航不能上车，输出仅一行一个字符串<span class=""md-line md-end-block md-focus"" cid=""n3"" mdtype=""line""><span md-inline=""code"" spellcheck=""false"" class=""md-expand""><code>no</code></span></span>。不要有多余输出。</p>",1,10,,1572921600,1572927300,1,0,0,1572927300,8,0,0,0,,,,,,0,0,,1,1572439436,0
24366,1717,武1--求字符串的长度,"<p>求字符串的长度。</p>
<p>提示：根据字符串结束标记 \0 的位置来计算字符串长度。</p>
<p><strong>输入：</strong>字符串</p>
<p><strong>输出：</strong>字符串的长度</p>",1,10,,1572918600,1573831800,1,0,0,1572967800,8,0,0,0,,,,,,0,0,,1,1572920261,0
24369,1717,武2--串连接,"<p>串连接。将 str2 连接到 str1 之后。根据字符串中 \0 的位置进行字符串连接。<br />提示：要用 str2 的第一个字符覆盖 str1 的串结束标记 \0。</p>
<p>输入：str1，str2</p>",1,10,,1572918600,1573831800,1,0,0,1572967800,8,0,0,0,,,,,,0,0,,1,1572510806,0
24370,1717,武3--字符串反向,"<p>字符串反向.</p>
<p>将字符串中首尾对应位置的字符对调</p>
<p>输入：字符串str</p>
<p>输出：反转后的字符串rts</p>",1,10,,1572918600,1573831800,1,0,0,1572967800,8,0,0,0,,,,,,0,0,,1,1572511343,0
24371,1717,武4--串比较,"<p>字符串比较。<br /> 确定字符串大小的基本规则：<br />从字符串的第一位开始，按串中对应位置字符的ASCII码值的大小确定，依次进行</p>
<p>输入：两个字符串str1，str2</p>
<p>输出：两字符串的大小关系（等于用==，小于用&lt;，大于用&gt;）</p>",1,10,,1572918600,1573831800,1,0,0,1572967800,8,0,0,0,,,,,,0,0,,1,1572922039,0
24373,1717,武5--字符个数,"<p>统计字符串中每个字符出现的次数。<br /> 基本思路：开一个“统计数组”记录每个字符出现的次数。</p>
<p>输入：字符串</p>
<p>输出：各个字符的数量</p>",1,10,,1572918600,1573831800,1,0,0,1572967800,8,0,0,0,,,,,,0,0,,1,1572522792,0
24452,1717,黄勇-数组练习2,"<p>从键盘读入长度不超过100的一系列字符，直到遇到符号'\'停止,对读入的字符进行统计分析，统计输入的数字的个数，并逐个输出到屏幕，统计输入的字母的个数并按字母表顺序升序排列后输出,其余字符忽略。</p>
<p>比如输入：123a9c902d9cc2828de13\, 输出为：<br />Integer 14: 1 2 3 9 9 0 2 9 2 8 2 8 1 3<br />Letter 7: a c c c d d e</p>",1,10,,1573542000,1578735000,1,0,0,1573551000,8,0,0,0,,,,,,0,0,,1,1578223347,0
24453,1717,黄勇-数组练习1,<p>从键盘读入10个整数，计算输入整数的和与平均数并输出。</p>,1,10,,1573542000,1578735300,1,0,0,1573551300,8,0,0,0,,,,,,0,0,,1,1578223374,0
24454,1717,黄勇-试题1,"<p>输入三个坐标点：(x1,y1),(x2,y2),(x3,y3)<br />判断三点是否共线，如果是，就输出“Yes”，如果否，就输出“No”</p>",1,10,,1573542900,1578735000,1,0,0,1573551000,8,0,0,0,,,,,,0,0,,1,1578227303,0
24455,1717,黄勇-试题2,<p>给定年月日，计算它是这一年的第几天。<br /><br /></p>,1,10,,1573542900,1578735300,1,0,0,1573551300,8,0,0,0,,,,,,0,0,,1,1578223419,0
24456,1717,黄勇-试题3,<p>输入 m 和 n，求在 m 个元素中任意取 n 个元素有多少种不同的组合？</p>,1,10,,1573542900,1578735300,1,0,0,1573551300,8,0,0,0,,,,,,0,0,,1,1578223451,0
24457,1717,黄勇-试题4,<p>对从键盘读入的10个数进行降序排列并输出。<br /><br />比如：1 2 3 4 5 6 7 8 9 10<br /><br />输出：10 9 8 7 6 5 4 3 2 1</p>,1,10,,1573542900,1578735300,1,0,0,1573551300,8,0,0,0,,,,,,0,0,,1,1578223477,0
24458,1717,黄勇-试题5,<p>形成并输出如下矩阵：<br /><br />1 1 1 1 1 1<br /><br />2 1 1 1 1 1<br /><br />3 2 1 1 1 1<br /><br />4 3 2 1 1 1<br /><br />5 4 3 2 1 1<br /><br />6 5 4 3 2 1</p>,1,5,,1573542900,1578735300,1,0,0,1573551300,8,0,0,0,,,,,,0,0,,1,1578223502,0
24459,1717,黄勇-试题6,"<p>从键盘输入任意长度的一系列字符，按下列规 则进行分类计数。<br /><br />第一类: 0,1,2,3,4,5,6,7,8,9<br /><br />第二类: +,-,*,/,%,=<br /><br />第三类: 其它字符 遇到终止字符'A'时先计数然后停止接收输入。</p>",1,10,,1573542900,1578735300,1,0,0,1573551300,8,0,0,0,,,,,,0,0,,1,1578223525,0
24460,1717,仲期中测验3-1,"<p>输入一个N位数，N大于等于2且小于8.</p>
<p>考察每一组两位数，判断每一组两位数都是质数的，请输出Yes，否则输出No。</p>
<p>例如：</p>
<p>537，中，有53，37两组两位数，都是质数，所以输出Yes</p>
<p>4236，有42，23，36三组两位数，且不都是质数，因此输出No</p>
<p></p>",1,30,,1573696200,1573705200,1,0,0,1573705200,8,0,0,0,,,,,,0,0,,1,1573686007,1
24461,1717,裴明涛-期中测验2,"<p>有些字符串是可以转成数字的，例如“123”，有些则不能，例如“aa27”</p>
<p>如果能直接转换，我们当然就非常容易地做到了，但我们这次的任务是抽取字符串中的数字，将他们乘3之后，再写回到原来的位置。</p>
<p>例如：a39c，经过抽取，乘3之后，再写回去，就变成了a117c。</p>
<p>当然，字符串中可能不止一个这样的数字。字符串总的长度（变化之后）不会超过100的。</p>
<p></p>
<p></p>
<p></p>",1,30,,1573782600,1573791600,1,0,0,1573791600,8,0,0,0,,,,,,0,0,,1,1573695366,1
24462,1717,裴明涛-期中测验3,"<p>总有些字符串中，存在一些重复出现的字符，请将每一个字符串中重复出现的最后一个字符替换成相应的重复数。</p>
<p>例如，在aaa字符串中，a重复了3次，那么就将最后一个a替换为3，即aa3</p>
<p>只出现1次的，当然就不用处理了，因为没有出现重复次数嘛</p>
<p>我们这里的字符串，在变换后长度也不会超过100的</p>
<p></p>
<p></p>",1,40,,1573782600,1573791600,1,0,0,1573791600,8,0,0,0,,,,,,0,0,,1,1573695792,1
24463,1717,武一、计算密码,"<p>社会进入信息时代，经常需要使用密码。个人设定的密码，既要保密又要便于记忆。基于这个原则，利用你了解数学知识，又善于编程的优势，设计如下密码算法,当忘记密码值时可及时找回。</p>
<p>第1步：将你生日的年、月、日（例1998年12月23日），作为3个整数将其相加，得到一个4位数的和数（例2033）。</p>
<p>第2步：寻找两个相邻素数（例2029、2039），使的上述和数处于两个素数的中间。</p>
<p>第3步：小一些的素数在前，大一些的素数在后组成一个8位密码（例20292039）。</p>
<p>素数的定义：除了1和它本身以外，不再有其他因子的大于1的自然数。</p>
<p>编写程序，按上述算法，输入出生年月日，输出8位数字密码。</p>
<p>例如输入：1998,12,23</p>
<p>输出：20292039</p>",1,30,,1574128800,1575084600,1,0,0,1574134200,8,0,0,0,,,,,,0,0,,1,1574134384,0
24464,1717,武二、撸串,<p>张编程与宿舍的三位同学在考试结束之后一起去撸串庆祝，哥儿四个都巨能吃，于是根据宿舍的传统，按绝对平均主义原则吃饭。<br /> 一般的串肯定是要确保一人一串才买，不能保证一人一串则不吃；吃烤馒头片，要保证一人一片，如果馒头片是一串两片，则一定是买两串四人平分；而对于烤茄子这样论盘买的菜，大家就分着吃了。<br /> 考试结束，4人来到串吧，价格如下：羊肉串5块一串，馒头片2块一串（两片），烤茄子10块一盘，现在他们共有M元，要这些钱一下全吃光，该如何点菜。<br /> 例如：30块钱有3种可能的点菜方案，方案1：点3盘茄子；方案2：点10馒头片+1盘茄子；方案3：4串羊肉+1盘茄子。25块钱，则没有点菜方案（给出No!）。<br /> 请你编程，根据钱的数量，计算出全部可能的点菜方案。</p>,1,30,,1574128800,1575084600,1,0,0,1574134200,8,0,0,0,,,,,,0,0,,1,1574134408,0
24465,1717,武三、乌有国排序,"<p>乌有国皇帝在学习程序设计，他发现编程非常有意思，于是颁发圣旨建立了自己的排序规则，圣旨规定：要按照数字字符、小写字母、大写字母顺序排序，且字符""从小到大"" 的排序规则是：9, 8, 7, ... , 0, z, y, x, ... , a,? Z, Y, X, ..., A。请你按照乌有国国王的规则完成排序程序。</p>
<p>输入：串长不超过 50 的待排序字符串（使用 gets 函数）</p>
<p>输出：按乌有国规则升序排列后的字符串 例如： 输入字符串：ABC123abc 输出字符串：321cbaCBA</p>",1,40,,1574128800,1575084600,1,0,0,1574134200,8,0,0,0,,,,,,0,0,,1,1574134428,0
24468,1717,赵（期中）加法运算（赵丰年）,"<div class=""box intro"">
<div class=""no-overflow"">
<p>计算整数 M 和 N 之间（含 M 和 N）所有整数的和。</p>
<h3>输入</h3>
<p><span>程序从标准输入读入数据，每行数据由两个整数 M 和 N 组成，M 和 N 之间有一个或多个空格。当 M 和 N 均为 0 时程序结束。</span></p>
<h3>输出</h3>
<p><span>针对每一行输入，输出一个结果，每个结果占一行。（参考测试用例。例如，第一个测试用例的意思是：输入1 10回车之后，显示55，再输入2 11回车，显示65，再输入0 0回车，显示exit，程序结束）</span></p>
</div>
</div>",1,10,,1573801200,1573833300,1,0,0,1573808400,7,0,0,0,,,,,,0,0,,1,1573782788,0
24469,1717,赵爬楼梯（赵丰年）,"<p>楼梯有n阶台阶，上楼可以一步上1阶，也可以一步上2阶，也可以一步上3阶，编一程序计算共有多少种不同的走法. 要求使用递归算法。</p>
<p>输入:n</p>
<p>输出:走法（具体见用例）</p>",1,5,,1572735600,1607007300,1,0,0,1575377700,8,1,0,0,,,,,,0,0,,1,1575558268,0
24470,1717,赵（期中）字符串合并（赵丰年）,"<p>现有两个字符串，每个字符串中可包含数字和字母。现需要将这两个字符串进行合并操作，生成一个新的字符串。在该字符串中，没有重复的数字或字母，同时字符串中的数字或字母按照从小到大的顺序排列。排序规则：数字 &lt; 大写字母 &lt; 小写字母</p>
<p>输入：两个字符串，以空格分隔</p>
<p>输出：合并后的字符串</p>",1,10,,1573801200,1573833300,1,0,0,1573810500,7,0,0,0,,,,,,0,0,,1,1573783123,0
24471,1717,赵（期中）打鱼晒网（赵丰年）,"<div class=""box intro"">
<div class=""no-overflow"">
<div class=""box intro"">
<div class=""no-overflow"">
<h2>背景：</h2>
<p>中国有句老话，""三天打鱼两天晒网”。假设渔民老张从1990年1月1日开始""三天打鱼两天晒网”，那么请你帮助推算出在以后某一天中，老张是在""打鱼”，还是在""晒网”。</p>
<h2>输入：</h2>
<p>第一行是测试的组数。以后每一行是一组要测试的时间，有三个数据，分为表示为年、月、日。</p>
<h2>输出：</h2>
<p>根据输入的日期，打印出相应的情况（打鱼还是晒网），具体格式见测试用例。</p>
<p><strong>?</strong></p>
<p></p>
</div>
</div>
</div>
</div>",1,10,,1573455600,1573833300,1,0,0,1573810500,7,0,0,0,,,,,,0,0,,1,1573783045,0
24534,1717,仲测验3-1--打印猫耳朵,"<p>在打印了空心字母图形后，我们可以打印更加复杂的图形了。</p>
<p>根据图形高度h和起始字母M，让我们来打印类似猫耳朵的空心字母图案。</p>
<p>如h=6，起始字母为W时，输出的图案为：</p>
<p>W?????????????????? ?????????W<br /> X K?????????????? ????????K X<br /> Y?? ??J????????? ???????J?? ??Y<br /> Z??? ????I?????? ????I???? ????Z<br /> A????? ????H? ??H?????? ???A<br /> B C D E F G F E D C B</p>
<p>输入：高度h，起始字母M</p>
<p>输出：空心字母图案</p>
<p></p>",1,10,,1574061000,1574068800,1,0,0,1574068800,8,0,0,0,,,,,,0,0,,1,1574060588,0
24536,1717,胡滨-期中考试编程题一,"<p><b>学生成绩的字母等级和对应的分数范围如下：</b></p>
<p><b>??? 字母等级????????? 分数范圈</b></p>
<p><b>????? A ? ???????? ??90~100</b></p>
<p><b>????? B??????????? ? 80~89</b></p>
<p><b>????? C??????????? ? 70~79</b></p>
<p><b>????? D ??????????? ??60~69</b></p>
<p><b>????? E ??????????? ??0~59</b></p>
<p><b>输入一百分制分数之后，输出相应的字母等级。 (本题15分)</b></p>
<p><b>说明：</b></p>
<p><b></b><b>1. 假设输入都为整数。</b></p>
<p><b>2. 若分数超出范围，输出Error</b></p>",1,20,,1574233200,1574244000,1,0,0,1574217300,10,0,0,0,,,,,,0,0,,1,1574232808,0
24537,1717,胡滨-期中考试编程题二,<p>编写程序，输入某年某月某日（年、月、日之间以空格分隔，以回车结束，若输入不是日期的数据则显示”error”），判断这一天是这一年的第几天？</p>,1,20,,1574233200,1574244000,1,0,0,1574133600,10,0,0,0,,,,,,0,0,,1,1574232832,0
24538,1717,胡滨-期中考试编程题三,<p>任意输入1个只有大小写英文字母组成的字符串，判断字符串中是否有重复的字母。若有，输出1，否则输出0。</p>,1,20,,1574233200,1574244000,1,0,0,1574133900,10,0,0,0,,,,,,0,0,,1,1574232852,0
24611,1717,赵（期中）打鱼晒网（测试用）,"<div class=""box intro"">
<div class=""no-overflow"">
<div class=""box intro"">
<div class=""no-overflow"">
<h2>背景：</h2>
<p>中国有句老话，""三天打鱼两天晒网”。假设渔民老张从1990年1月1日开始""三天打鱼两天晒网”，那么请你帮助推算出在以后某一天中，老张是在""打鱼”，还是在""晒网”。</p>
<h2>输入：</h2>
<p>第一行是测试的组数。以后每一行是一组要测试的时间，有三个数据，分为表示为年、月、日。</p>
<h2>输出：</h2>
<p>根据输入的日期，打印出相应的情况（打鱼还是晒网），具体格式见测试用例。</p>
<p><strong>?</strong></p>
<p></p>
</div>
</div>
</div>
</div>",1,10,,1573455600,1575215700,1,0,0,1574501700,7,0,0,0,,,,,,0,0,,1,1574411050,0
24612,1717,赵（期中）字符串合并（测试用）,"<p>现有两个字符串，每个字符串中可包含数字和字母。现需要将这两个字符串进行合并操作，生成一个新的字符串。在该字符串中，没有重复的数字或字母，同时字符串中的数字或字母按照从小到大的顺序排列。排序规则：数字 &lt; 大写字母 &lt; 小写字母</p>
<p>输入：两个字符串，以空格分隔</p>
<p>输出：合并后的字符串</p>",1,10,,1573801200,1576425300,1,0,0,1576402500,7,0,0,0,,,,,,0,0,,1,1575620413,0
24723,1717,黄勇-指针练习: 递归法求字符串长度,,1,10,,1575357000,1578735300,1,0,0,1575365700,8,0,0,0,,,,,,0,0,,1,1578223551,0
24724,1717,黄勇-指针练习：输出矩阵,<p>已知长度为12整数序列0到11，要求从键盘输入行数与列数后，使用指针编写函数输出矩阵。</p>,1,10,,1575357000,1578735300,1,0,0,1575365700,8,0,0,0,,,,,,0,0,,1,1578223601,0
24725,1717,黄勇-指针练习：字符串复制,,1,10,,1575357000,1578735300,1,0,0,1575365700,8,0,0,0,,,,,,0,0,,1,1578223632,0
24726,1717,黄勇-指针练习：字符串拼接,<p>通过指针编写程序将第一个字符串添加到第二个字符串的末尾。</p>,1,10,,1575357000,1578735300,1,0,0,1575365700,8,0,0,0,,,,,,0,0,,1,1578223681,0
24727,1717,黄勇-指针练习：函数指针,"<p>#include&lt;string.h&gt;使用strcmp(char *s1,char *s2）函数比较两个字符串是否相等。<br />从键盘输入两个整数及运算关系如：1，2，add；则输出3<br />根据字符命令（add,minus,multiply,divide)，通过指针函数调用对应的函数计算结果并输出，超出的命令输出Error。</p>",1,10,,1575357000,1578735300,1,0,0,1575365700,8,0,0,0,,,,,,0,0,,1,1578223736,0
24735,1717,胡滨-12.11日上机题目,"<p>编写子函数求三个整数中的最大值、最小值和平均值。</p>
<p>要求：主函数中输入三个整数，用子函数找到最大值、最小值和平均值并返回。再在主函数中显示输出。</p>",1,0,,1576047600,1579320000,1,0,0,1575950400,8,0,0,0,,,,,,0,0,,1,1575950818,0
24736,1717,胡滨-12.11日上机题目,"<p>编写函数fun(n)，判断n是否为质数，是返回1，否返回0。编主函数实现输入一个数num，判断num是否为质数。</p>
<p>*质数：一个大于1的自然数，除了1和它本身外，不能被其他自然数整除（除0以外）的数称之为素数</p>",1,0,,1576047900,1579320300,1,0,0,1575950700,8,0,0,0,,,,,,0,0,,1,1575950981,0
24737,1717,胡滨-12.11日上机题目,"<p>编写一个实现整数阶乘的函数 fun1(int n)。</p>
<p>要求：在主函数中实现从键盘输入任意整数x，求解并输出x!+(x+1)!+(x+2)!+(x+3)!+(x+4)!+(x+5)!</p>",1,0,,1576048200,1579320600,1,0,0,1575951000,8,0,0,0,,,,,,0,0,,1,1575951125,0
24738,1717,胡滨-12.11日上机题目,"<p>定义一个函数min，求任一整形数组{21,3,67,100,34}中的最小数和其下标，并在主函数中打印最小数和下标。</p>
<p>格式：int min(int *a, int n) /*n为数组元素个数，a为数组指针*/?</p>
<p>注意：如有多个最小值，以最后一个为准。数组可以直接编写在主函数里面。</p>",1,0,,1576048200,1579320600,1,0,0,1575951000,8,0,0,0,,,,,,0,0,,1,1575951323,0
24739,1717,胡滨-12.11上机题目,"<p>定义一个函数inverse，实现对一个字符串的逆序输出。</p>
<p>格式：int inverse(int *s, int n) /*n为数组元素个数，s为数组指针*/</p>",1,0,,1576047600,1579320900,1,0,0,1575951300,8,0,0,0,,,,,,0,0,,1,1575951443,0
24755,1717,Square of numbers (5xp),"<p>输入 n 的值，输出如下例（ n=4 ）所示的由数字组成的正方型。</p>
<p>? 1? 2? 3? 4<br />? 5? 6? 7? 8<br />? 9 10 11 12<br />?13 14 15 16</p>
<p><strong>输入： </strong><br />??? n</p>
<p><strong>输出：</strong><br />?? 数字组成的正方型</p>",1,5,,1572825600,1575388500,1,0,0,1573401300,9,0,0,0,,,,,,0,0,,1,1572917301,1
24766,1717,（BOSS）high precision calculation（15 xp）,"<div id=""description"">
<h2>背景：</h2>
<p>计算机所能完成的一个基本功能就是完成数据的计算，譬如加法、减法等等。但是在任何一种计算机上，计算中能够使用的数字都是有一定范围的，超过了范围，就没法得到精确的结果。</p>
<p>你现在接受了一个任务，要编写一个高精度计算器的核心部分。所谓高精度计算器，就是可以计算很大很大的数据的计算器。</p>
<h2>输入：</h2>
<p>输入的第一行是一个正整数，表示下面有几组数据需要计算。之后的每一行是两个十进制的正整数和一个运算符，每个整数可以由最多 500 个数字组成。运算符可以是加号或者减号。</p>
<h2>输出：</h2>
<p>对应着输入的每一行数据，输出计算的结果，每个结果占一行。</p>
</div>",1,15,,1573884000,1577462100,1,0,0,1575734100,9,0,0,1,,,,,,0,0,,1,1574130368,0
24768,1717,String Concatenation（10 xp）,"<p>现有两个字符串，每个字符串中可包含数字和字母。现需要将这两个字符串进行合并操作，生成一个新的字符串。在该字符串中，没有重复的数字或字母，同时字符串中的数字或字母按照从小到大的顺序排列。排序规则：数字 &lt; 大写字母 &lt; 小写字母</p>
<p>输入：两个字符串，以空格分隔</p>
<p>输出：合并后的字符串</p>",1,10,,1574550000,1576857300,1,0,0,1575647700,9,1,0,0,,,,,,0,0,,1,1574665609,0
24771,1717,赵（mini BOSS）Poker time!,"<p>背景：两个人每人发3张牌（各从一副牌中），每张牌包括花色（红桃(Heart)&gt;黑桃(Spade)&gt;方块(Diamond)&gt;梅花(Club））和大小（从小到大依次是：2-10、J、Q、K、A），谁手上有最大的一张或多张（如果有相同的牌）牌谁获胜。</p>
<p>输入：A的3张牌（未排序）和B的3张牌（未排序）。（参见用例）</p>
<p>输出：A的3张牌的排序后的输出和B的3张牌的排序后的输出，以及A和B谁获胜。（参见用例）</p>",1,10,,1575331200,1578668400,1,0,0,1577719800,9,1,0,0,,,,,,0,0,,1,1576826373,0
24776,1717,66.Poker time2,"<p>背景：两个人每人发3张牌（从一副牌中），每张牌包括花色（红桃(Heart)&gt;黑桃(Spade)&gt;方块(Diamond)&gt;梅花(Club））和大小（从小到大依次是：2-10、J、Q、K、A），胜负规则如下：同花顺（3张同花色的连牌，<b>先比大小，再比花色</b>，<b>后同</b>）&gt;炸弹（3张相同大小的牌）&gt;连牌（3张不同花色的连牌）&gt;对子（两张相同大小的牌）&gt;单牌。例如，红桃QKA&gt;黑桃QKA&gt;梅花567&gt;方块234&gt;AAA（红桃、方块、梅花）&gt;AAA（黑桃、方块、梅花）&gt;JQK（红桃、红桃、方块）&gt;JQK（黑桃、红桃、方块）&gt;AA2（梅花黑桃梅花）&gt;QQJ（红桃梅花方块）&gt;JQA（红桃红桃红桃）。注：A23不算连牌。</p>
<p>输入：A的3张牌（未排序）和B的3张牌（未排序）。（参见用例）</p>
<p>输出：A的3张牌的排序后的输出和B的3张牌的排序后的输出，以及A和B谁获胜。（参见用例）</p>",1,10,,1576882800,1578236400,1,0,0,1578238200,9,1,0,0,,,,,,0,0,,1,1576910611,0
24778,1717,26.【图形】数字菱形,"<p>这是非信息类2013年出的题目，大家来看看，你会做吗？</p>
<p>输入 n 的值，输出如下例（ n=4 ）所示的数字菱形。<br />　 4 <br />　434 <br />?43234 <br />4321234 <br />?43234 <br />　434 <br />　 4 <br /><strong>输入： </strong><br />??? n</p>
<p><strong>输出：</strong><br />? ?数字菱形</p>
<p><strong>友情提示：</strong>同学们总结一下打印星号组成的实心图形程序的编程思路：第一步，打印星号组成的正方形；第二步，改变每行星号的个数，打印每行星号数量不一样的图形；如果是空心图形，每行第一个和最后一个位置输出星号，其他位置输出空格。</p>
<p>现在我们练习输出变化的字符，在打印星号图形的基础上，原来输出*号的位置，将printf(""*"");改为printf(""%2d"",x);当然，原来输出一个*号的地方只占一个字符的位置，现在都要改为2个字符的位置，如果输出的是数字且多于2个，则要是%3d或%4d了。</p>
<p>x是多少呢？则要寻找其规律，就是该输出位置与所在行列的关系。</p>
<p><span style=""color: #000000;"" color=""#000000"">注意给出的测试用例，输出的数字是左对齐啊。</span>不用数组就可以完成。</p>",1,5,,1570838400,1572796500,1,0,0,1572796500,8,0,0,0,,,,,,0,0,,1,1570889337,1
24796,1717,赵Josephus problem,"<p>In<span class=""Apple-converted-space"">?</span>computer science<span class=""Apple-converted-space"">?</span>and<span class=""Apple-converted-space"">?</span>mathematics, the<span class=""Apple-converted-space"">?</span><b>Josephus problem</b><span class=""Apple-converted-space"">?</span>(or<span class=""Apple-converted-space"">?</span><b>Josephus permutation</b>) is a theoretical problem related to a certain<span class=""Apple-converted-space"">?</span>counting-out game.</p>
<div class=""thumb tright"">
<div class=""thumbinner"">
<div class=""thumbcaption""></div>
</div>
</div>
<p>People are standing in a<span class=""Apple-converted-space"">?</span>circle<span class=""Apple-converted-space"">?</span>waiting to be executed. Counting begins at a specified point in the circle and proceeds around the circle in a specified direction. After a specified number of people are skipped, the next person is executed. The procedure is repeated with the remaining people, starting with the next person, going in the same direction and skipping the same number of people, until only one person remains, and is freed.</p>
<p>The problem — given the number of people, starting point, direction, and number to be skipped — is to choose the position in the initial circle to avoid execution.</p>
<p>输入：m n（30 6表示一共30人，每次第7个被扔下海）</p>
<p>输出：最后剩下的人的编号</p>
<p></p>",1,5,,1576375200,1579053600,1,0,0,1577372400,8,1,0,0,,,,,,0,0,,1,1576833298,0
24797,1717,65.Poker time!,"<p>背景：两个人每人发3张牌（各从一副牌中），每张牌包括花色（红桃(Heart)&gt;黑桃(Spade)&gt;方块(Diamond)&gt;梅花(Club））和大小（从小到大依次是：2-10、J、Q、K、A），谁手上有最大的一张或多张（如果有相同的牌）牌谁获胜。</p>
<p>输入：A的3张牌（未排序）和B的3张牌（未排序）。（参见用例）</p>
<p>输出：A的3张牌的排序后的输出和B的3张牌的排序后的输出，以及A和B谁获胜。（参见用例）</p>
<p></p>",1,5,,1576882800,1578236400,1,0,0,1607182200,9,1,0,0,,,,,,0,0,,1,1576910595,0
24811,1717,胡滨-模拟题编程题2,"<p>假设一列单色平面波在空间中沿着x轴的方向传播，那么可以通过方程E(x,t)=E<sub>0</sub>*cos(kx+ωt)来描述光的电场强度随空间和时间的变化。已知方程中E<sub>0</sub>为3.0 V/m; 光的波长λ为632 nm. 光的波数k=2*pi/λ; 光的角频率为ω=2*pi*c/λ; 其中c=30万千米每秒。试编写函数计算从键盘输入空间位置x（以nm为单位）在时刻t(以秒为单位)时，光的电场强度大小。</p>
<p>（提示 include&lt;math.h&gt;, 库函数申明 double cos(double input) ）</p>
<p><b>注意</b><b>pi取值为3.14159265358979，输出格式为精确到小数点后4位。</b></p>",1,20,,1577257200,1577268000,1,0,0,1577156700,10,0,0,0,,,,,,0,0,,1,1577251810,0
24812,1717,胡滨-模拟题编程题3,"<p><b>编写程序，设计一个插入函数，char *insert(s1,s2,n),输入字符串S1，S2和位置n，实现在字符串s1中的第n个字符后处插入字符串s2，编写主函数，调用该函数实现插入并将插入后的字符串输出。</b></p>",1,20,,1577257200,1577268000,1,0,0,1577157000,10,0,0,0,,,,,,0,0,,1,1577251839,0
24813,1717,胡滨-模拟题编程题1,"<p><b></b><b>学生成绩的字每等级和分数范围如下：</b></p>
<p><b>??? 字母等级????????? 分数范圈</b></p>
<p><b>????? A ? ???????? ??90~100</b></p>
<p><b>????? B??????????? ? 80~89</b></p>
<p><b>????? C??????????? ? 70~79</b></p>
<p><b>????? D ??????????? ??60~69</b></p>
<p><b>????? E ??????????? ??0~59</b></p>
<p><b>???? 其它字母 ????? ?error</b></p>
<p><b>输入字母等级之后，输出相应的分数范围。</b></p>",1,15,,1577257200,1577268000,1,0,0,1577157600,10,0,0,0,,,,,,0,0,,1,1577251775,0
24814,1717,胡滨-模拟题编程题4,"<p>如图所示，高等数学中的微积分实际为函数在区间[x0,x1]上与坐标轴x形成的阴影面积大小，可以通过离散化为微小矩形逐渐逼近的方式去计算。试编程计算函数f(x)=ax<sup>4</sup>+bx<sup>3</sup>+cx<sup>2</sup>+dx+e 在区间[x0,x1]上的积分值。提示计算时将[x0,x1]区间等分为N个区间。从键盘输入参数a,b,c,d,e以及区间起点x0和终点x1，计算不同N=10,100,1000,10000…时的积分值,直到最后的积分值变化不超过前一个积分值的1%，输出最终积分值即可。</p>
<p>?<b>键盘输入数据顺序依次为：a,b,c,d,e,x0,x1;?? </b><b>输出格式为精确到小数点后4</b><b>位。</b></p>
<p><b><img width=""1435"" height=""644"" src=""@@PLUGINFILE@@/aaa.jpg"" /></b></p>",1,0,,1577257200,1577268000,1,0,0,1577157900,8,0,0,0,,,,,,0,0,,1,1577251873,0
24815,1717,武自测一：深秋歌会打分表,"<p>北理工每年就要举行深秋歌会，有些小伙伴还参与其中。</p>
<p>深秋歌会经过若干次筛选之后，学校会评出最佳年度歌手。每次评审的时候，有10个评委，他们依次给出自己的打分，最高分为10分，最低分为0分。</p>
<p>评审规则是：去掉一个最高分，去掉一个最低分，以剩余评委打分的平均值作为输出成绩；</p>
<p>例如：</p>
<p>输入：10，9.9，9.8，9.7，9.6，9.5，9.4，9.3，9.2，9.1</p>
<p>输出：9.55（保留两位小数）</p>
<p>这题有很多种方法。</p>",1,10,,1577318400,1578670200,1,0,0,1578670200,10,0,0,0,,,,,,0,0,,1,1577347053,1
24816,1717,武自测二：电梯运行,"<p>某城市最高的楼只有一部电梯。该电梯和一般电梯不同的是它依照输入楼层数的先后次序运行。<br />电梯最初在0层。运行完一个输入序列后就停止在该层，不返回0层。编写程序计算电梯运行一个序列的时间，每次都假设电梯从0层开始，无论上一次运行到几层。<br />电梯每上一层需要6秒，每下一层需要4秒，如果在某一层停留，无论上下人多少，均停留5秒。<br />输入：楼层的序列（楼层的值大于等于1，小于等于100，N=0表示结束输入，楼层的个数不超过100个）<br />输出：每个序列电梯运行的时间<br />样例：<br /> 输入：2 1 0<br /> 输出：26</p>
<p>from 张然同学</p>",1,10,,1577318400,1578670200,1,0,0,1578670200,10,0,0,0,,,,,,0,0,,1,1577347362,0
24817,1717,武自测三：幻方游戏,"<p>幻方是一种很神奇的N*N矩阵：它由数字1,2,...,N*N构成，且每行，每列及两条对角线上的数字只和都相同。<br />当N为奇数时，我们可以通过一下方法构建一个幻方：<br />首先将1写在第一行当中间；<br />之后，按照如下方式从小到大一次填写每个数K（K=2,3,...,N*N）:<br />1.若（K-1）在第一行但不在最后一列，则将K填写在最后一行，（K-1）所在列的右一列；<br />2.若（K-1）在最后一列但不在第一行，则将K填写在第一列，（K-1）所在行但上一行；<br />3.若（K-1）在第一行最后一列，则将K填写在（K-1）的正下方；<br />4.若（K-1）既不在第一行，也不在最后一列，如果（K-1）的右上方还未填数，则将K填在（K-1）的右上方，否则将K填在（K-1）的正下方。<br />给定N，请按上述方法构建N*N的幻方。</p>
<p>输入：<br />给定一个整数N（奇数），即幻方的大小。</p>
<p>输出：<br />包含N行，每行N个整数，即构造的N*N幻方。</p>
<p>from 肖誉同学</p>",1,10,,1577318400,1578670200,1,0,0,1578670200,10,0,0,0,,,,,,0,0,,1,1577432245,0
24836,1717,72. 猜猜我是谁,"<p>在指定的文本文件中包含了我需要的信息，请从指定文件中读取指定的行。如果文件中没有指定的行，则显示“<span><span style=""background-color: #d3d3d3;"">Line No Error.</span></span>”。如果文件不存在，则显示“File<span><span style=""background-color: #d3d3d3;""> Name Error.</span></span>”。</p>
<p><strong>输入</strong>：<br />第一行为要以只读方式打开的文本文件名<br />第二行要读取的行号（从1开始）</p>
<p><strong>输出</strong>：<br />文件中指定行号的内容（完整一行的内容）</p>",1,5,,1577426400,1578671700,1,0,0,1578671700,8,0,0,0,,,,,,0,0,,1,1577455797,0
